City_ID,City,Country,Date,Lat,Lng,Max Temp,Humidity,Cloudiness,Wind Speed
0,Vila Velha,BR,2022-05-10 13:35:33,-20.3297,-40.2925,80.55,57,20,5.75
1,Puerto Ayora,EC,2022-05-10 13:35:33,-0.7393,-90.3518,75.54,89,57,7.72
2,Albany,US,2022-05-10 13:35:34,42.6001,-73.9662,59.95,29,2,1.01
3,Mataura,NZ,2022-05-10 13:35:34,-46.1927,168.8643,37.81,97,10,2.06
4,Soe,ID,2022-05-10 13:35:34,-9.8607,124.284,63.61,86,30,3.2
5,Kodiak,US,2022-05-10 13:31:43,57.79,-152.4072,38.71,56,20,13.8
6,Rikitea,PF,2022-05-10 13:32:32,-23.1203,-134.9692,76.23,74,4,13.13
7,Carnarvon,AU,2022-05-10 13:35:38,-24.8667,113.6333,71.67,73,97,5.75
8,Atar,MR,2022-05-10 13:35:38,20.5169,-13.0499,106.63,5,91,12.44
9,Barrow,US,2022-05-10 13:31:49,71.2906,-156.7887,26.62,86,100,21.85
10,Podgornoye,RU,2022-05-10 13:35:39,51.735,39.1496,46.62,53,0,15.66
11,Ushuaia,AR,2022-05-10 13:35:39,-54.8,-68.3,40.66,65,0,0.0
12,Talnakh,RU,2022-05-10 13:35:39,69.4865,88.3972,34.21,99,100,9.73
13,Rundu,NA,2022-05-10 13:35:40,-17.9333,19.7667,83.84,12,0,4.36
14,Punta Arenas,CL,2022-05-10 13:34:14,-53.15,-70.9167,39.31,75,75,14.97
15,Kavaratti,IN,2022-05-10 13:35:40,10.5669,72.642,85.23,73,100,16.8
16,Killybegs,IE,2022-05-10 13:35:41,54.6333,-8.45,56.91,68,12,23.38
17,Nikolsk,RU,2022-05-10 13:35:41,53.7189,46.0712,36.3,98,100,11.27
18,Saskylakh,RU,2022-05-10 13:35:41,71.9167,114.0833,18.3,93,90,9.82
19,Tuktoyaktuk,CA,2022-05-10 13:35:42,69.4541,-133.0374,26.6,100,100,16.11
20,Port Elizabeth,ZA,2022-05-10 13:35:42,-33.918,25.5701,80.89,29,0,6.91
21,Bredasdorp,ZA,2022-05-10 13:35:43,-34.5322,20.0403,70.84,33,64,11.7
22,Mersing,MY,2022-05-10 13:35:43,2.4312,103.8405,82.31,83,20,4.61
23,Georgiyevka,KZ,2022-05-10 13:35:43,43.0369,74.7114,66.24,82,40,13.42
24,Qaanaaq,GL,2022-05-10 13:35:44,77.484,-69.3632,19.92,66,7,2.64
25,Fortuna,US,2022-05-10 13:35:44,40.5982,-124.1573,37.65,95,100,9.22
26,Mezen,RU,2022-05-10 13:35:45,65.8522,44.24,48.16,65,53,10.67
27,Cherskiy,RU,2022-05-10 13:35:45,68.75,161.3,17.2,94,16,8.25
28,Torbay,CA,2022-05-10 13:35:45,47.6666,-52.7314,53.89,47,40,8.05
29,Kaitangata,NZ,2022-05-10 13:35:46,-46.2817,169.8464,40.35,91,5,5.28
30,Benguela,AO,2022-05-10 13:35:46,-12.5763,13.4055,82.06,67,3,7.05
31,Nizwa,OM,2022-05-10 13:35:46,22.9333,57.5333,99.93,6,0,9.4
32,Port-Cartier,CA,2022-05-10 13:35:47,50.0334,-66.8654,48.42,65,0,3.8
33,Dakar,SN,2022-05-10 13:31:53,14.6937,-17.4441,90.48,73,0,9.22
34,Vaini,TO,2022-05-10 13:35:47,-21.2,-175.2,69.96,83,20,4.61
35,Dawlatabad,AF,2022-05-10 13:35:48,36.4141,64.9053,76.62,40,33,7.49
36,Kathu,TH,2022-05-10 13:35:48,7.9178,98.3332,87.69,99,92,0.25
37,Qiongshan,CN,2022-05-10 13:35:49,20.0058,110.3542,78.78,94,0,2.24
38,Cidreira,BR,2022-05-10 13:35:49,-30.1811,-50.2056,69.94,64,1,2.91
39,Abeche,TD,2022-05-10 13:35:49,13.8292,20.8324,105.82,10,40,0.0
40,Deer Lake,CA,2022-05-10 13:35:50,49.1667,-57.4316,53.46,37,20,8.05
41,Vila Franca Do Campo,PT,2022-05-10 13:35:50,37.7167,-25.4333,66.61,64,83,1.03
42,Okha,RU,2022-05-10 13:35:51,53.5739,142.9478,33.33,97,90,7.14
43,Robore,BO,2022-05-10 13:35:51,-18.3333,-59.75,68.09,94,100,0.0
44,Chokurdakh,RU,2022-05-10 13:35:51,70.6333,147.9167,21.16,95,100,13.65
45,Hermanus,ZA,2022-05-10 13:31:28,-34.4187,19.2345,64.8,49,76,19.6
46,Shirak,AM,2022-05-10 13:35:52,40.8404,43.9158,53.92,33,40,6.91
47,Yellowknife,CA,2022-05-10 13:36:52,62.456,-114.3525,23.56,80,100,11.5
48,Busselton,AU,2022-05-10 13:36:53,-33.65,115.3333,59.13,83,0,4.38
49,Bluff,NZ,2022-05-10 13:36:53,-46.6,168.3333,47.82,77,29,8.52
50,Kapaa,US,2022-05-10 13:36:53,22.0752,-159.319,73.72,90,100,16.11
51,New Boston,US,2022-05-10 13:36:54,42.9762,-71.694,59.7,33,1,5.99
52,Esperance,AU,2022-05-10 13:36:54,-33.8667,121.9,66.04,41,3,12.3
53,Kandrian,PG,2022-05-10 13:36:55,-6.2167,149.55,78.62,89,93,6.46
54,Arraial Do Cabo,BR,2022-05-10 13:36:55,-22.9661,-42.0278,73.36,83,75,3.44
55,Klaksvik,FO,2022-05-10 13:36:55,62.2266,-6.589,49.12,77,91,15.5
56,Sisimiut,GL,2022-05-10 13:36:56,66.9395,-53.6735,27.37,66,5,7.78
57,Clyde River,CA,2022-05-10 13:36:56,70.4692,-68.5914,19.63,79,0,12.66
58,Bengkulu,ID,2022-05-10 13:36:57,-3.8004,102.2655,78.89,88,18,2.04
59,Edd,ER,2022-05-10 13:36:57,13.9297,41.6925,89.02,58,0,10.6
60,Georgetown,MY,2022-05-10 13:36:51,5.4112,100.3354,85.95,83,20,5.99
61,Atuona,PF,2022-05-10 13:36:57,-9.8,-139.0333,78.42,73,35,19.26
62,Castro,BR,2022-05-10 13:36:58,-24.7911,-50.0119,66.74,63,0,4.56
63,Avarua,CK,2022-05-10 13:36:58,-21.2078,-159.775,77.05,88,40,3.44
64,Willowmore,ZA,2022-05-10 13:36:59,-33.2926,23.4895,70.88,24,100,19.46
65,Cabo San Lucas,MX,2022-05-10 13:36:59,22.8909,-109.9124,78.51,48,0,7.9
66,Byron Bay,AU,2022-05-10 13:35:07,-28.65,153.6167,69.69,70,100,14.2
67,Cody,US,2022-05-10 13:34:51,44.5263,-109.0565,38.41,41,0,14.97
68,Hilo,US,2022-05-10 13:36:47,19.7297,-155.09,75.27,97,100,5.75
69,Rusape,ZW,2022-05-10 13:37:00,-18.5278,32.1284,74.3,42,25,5.59
70,Long,TH,2022-05-10 13:37:00,18.0761,99.8326,85.19,88,81,2.01
71,Berlevag,NO,2022-05-10 13:37:00,70.8578,29.0864,35.55,87,75,8.05
72,San Juan,AR,2022-05-10 13:33:07,-31.5375,-68.5364,67.5,52,50,12.15
73,Coracora,PE,2022-05-10 13:37:01,-15.0333,-73.7833,56.8,45,0,2.51
74,Bilasipara,IN,2022-05-10 13:37:01,26.232,90.2347,79.61,76,29,6.76
75,Jamestown,US,2022-05-10 13:34:04,42.097,-79.2353,65.79,20,0,11.5
76,Ketchikan,US,2022-05-10 13:37:02,55.3422,-131.6461,45.07,70,100,4.61
77,Price,US,2022-05-10 13:37:02,39.5994,-110.8107,42.12,38,0,4.61
78,Kruisfontein,ZA,2022-05-10 13:37:02,-34.0033,24.7314,77.88,27,100,6.46
79,Hobart,AU,2022-05-10 13:37:03,-42.8794,147.3294,49.05,85,0,5.75
80,Bambous Virieux,MU,2022-05-10 13:37:03,-20.3428,57.7575,79.21,79,11,11.36
81,Provideniya,RU,2022-05-10 13:37:04,64.3833,-173.3,32.16,98,100,7.05
82,Katsuura,JP,2022-05-10 13:37:04,35.1333,140.3,58.12,76,100,10.71
83,Noumea,NC,2022-05-10 13:37:05,-22.2763,166.4572,75.0,99,56,12.86
84,Nyurba,RU,2022-05-10 13:37:05,63.2842,118.3319,28.15,90,90,4.29
85,Mahebourg,MU,2022-05-10 13:37:06,-20.4081,57.7,79.25,79,13,11.5
86,Phan Thiet,VN,2022-05-10 13:37:06,10.9333,108.1,80.28,88,74,5.55
87,Rensvik,NO,2022-05-10 13:37:06,63.1,7.8167,58.66,54,40,5.75
88,Banda Aceh,ID,2022-05-10 13:37:07,5.5577,95.3222,82.8,81,100,7.49
89,Plettenberg Bay,ZA,2022-05-10 13:37:07,-34.0527,23.3716,69.84,50,91,5.28
90,Rockland,US,2022-05-10 13:34:09,41.1668,-74.0496,62.01,34,1,5.99
91,Harper,LR,2022-05-10 13:37:08,4.375,-7.7169,84.0,71,100,7.83
92,Oistins,BB,2022-05-10 13:35:48,13.0667,-59.5333,82.49,74,40,17.27
93,Coahuayana,MX,2022-05-10 13:38:08,18.7333,-103.6833,78.06,67,98,0.63
94,Sur,OM,2022-05-10 13:38:09,22.5667,59.5289,87.48,51,1,8.05
95,Dikson,RU,2022-05-10 13:38:09,73.5069,80.5464,26.55,93,100,19.93
96,Dingle,PH,2022-05-10 13:38:09,10.9995,122.6711,79.52,80,100,6.17
97,Hasaki,JP,2022-05-10 13:38:10,35.7333,140.8333,57.6,83,100,16.2
98,Hithadhoo,MV,2022-05-10 13:38:10,-0.6,73.0833,84.72,76,100,17.94
99,Sampit,ID,2022-05-10 13:38:11,-2.5333,112.95,77.81,94,95,1.88
100,Lavrentiya,RU,2022-05-10 13:38:11,65.5833,-171.0,21.36,92,100,1.23
101,Bay-Khaak,RU,2022-05-10 13:38:11,51.1667,94.5,37.29,73,95,4.74
102,Brigantine,US,2022-05-10 13:38:12,39.4101,-74.3646,59.2,47,75,23.02
103,Camana,PE,2022-05-10 13:38:12,-16.6228,-72.7111,66.24,83,75,9.01
104,Ancud,CL,2022-05-10 13:38:13,-41.8697,-73.8203,47.34,77,48,5.79
105,Bintulu,MY,2022-05-10 13:38:13,3.1667,113.0333,81.01,88,20,2.3
106,Beringovskiy,RU,2022-05-10 13:38:14,63.05,179.3167,35.08,90,100,8.72
107,Kismayo,SO,2022-05-10 13:38:14,-0.3582,42.5454,83.39,75,55,14.94
108,Mahibadhoo,MV,2022-05-10 13:37:31,3.7833,72.9667,84.25,78,58,19.48
109,Joshimath,IN,2022-05-10 13:38:15,30.5667,79.5667,65.44,78,94,2.24
110,Sambava,MG,2022-05-10 13:38:15,-14.2667,50.1667,78.53,77,0,5.28
111,Goderich,CA,2022-05-10 13:38:16,43.7501,-81.7165,62.92,29,100,14.97
112,Bethel,US,2022-05-10 13:38:16,41.3712,-73.414,61.59,37,0,18.41
113,Sinnar,SD,2022-05-10 13:38:16,13.5691,33.5672,107.92,11,80,8.55
114,Chuy,UY,2022-05-10 13:38:17,-33.6971,-53.4616,65.53,73,100,1.92
115,Butaritari,KI,2022-05-10 13:38:17,3.0707,172.7902,81.32,73,48,17.11
116,Thompson,CA,2022-05-10 13:38:18,55.7435,-97.8558,44.76,87,100,5.75
117,Yatou,CN,2022-05-10 13:38:18,37.15,122.3833,53.28,88,74,5.3
118,Pevek,RU,2022-05-10 13:38:18,69.7008,170.3133,23.79,97,100,5.55
119,Bandarbeyla,SO,2022-05-10 13:38:19,9.4942,50.8122,85.66,74,0,10.98
120,Namatanai,PG,2022-05-10 13:38:19,-3.6667,152.4333,80.06,84,100,8.63
121,Bandar,ID,2022-05-10 13:38:20,2.05,99.75,76.44,97,82,2.91
122,Tasiilaq,GL,2022-05-10 13:38:20,65.6145,-37.6368,28.56,75,59,5.68
123,New Norfolk,AU,2022-05-10 13:38:21,-42.7826,147.0587,48.7,78,1,3.24
124,Maracas,BR,2022-05-10 13:38:21,-13.4411,-40.4308,76.33,49,42,7.7
125,Cape Town,ZA,2022-05-10 13:36:06,-33.9258,18.4232,67.12,68,0,16.11
126,Maarianhamina,AX,2022-05-10 13:38:21,60.0973,19.9348,49.86,71,0,20.71
127,Ribeira Grande,PT,2022-05-10 13:38:22,38.5167,-28.7,68.4,64,40,17.27
128,Vardo,NO,2022-05-10 13:38:22,70.3705,31.1107,35.58,93,75,6.91
129,Bathsheba,BB,2022-05-10 13:38:23,13.2167,-59.5167,83.01,74,40,17.27
130,Tomakomai,JP,2022-05-10 13:38:23,42.6369,141.6033,53.73,93,0,5.75
131,Nador,MA,2022-05-10 13:38:23,35.174,-2.9287,75.27,78,20,10.36
132,Victoria,HK,2022-05-10 13:38:24,22.2855,114.1577,80.65,92,100,7.0
133,Ahipara,NZ,2022-05-10 13:38:24,-35.1667,173.1667,57.04,80,0,7.27
134,Airai,TL,2022-05-10 13:38:25,-8.9266,125.4092,60.03,92,67,2.64
135,Biak,ID,2022-05-10 13:38:25,-0.9131,122.8766,76.84,85,100,3.76
136,Kungurtug,RU,2022-05-10 13:38:25,50.5994,97.5228,32.86,44,79,2.93
137,Port Hardy,CA,2022-05-10 13:38:26,50.6996,-127.4199,46.4,100,100,3.44
138,Baft,IR,2022-05-10 13:38:26,29.234,56.6057,76.6,3,0,9.55
139,Erdenet,MN,2022-05-10 13:35:25,49.0333,104.0833,30.74,62,61,7.61
140,Mildura,AU,2022-05-10 13:38:27,-34.2,142.15,51.76,87,100,4.61
141,Port Lincoln,AU,2022-05-10 13:39:27,-34.7333,135.8667,58.69,64,0,8.28
142,Port Alfred,ZA,2022-05-10 13:39:27,-33.5906,26.891,73.18,72,100,3.0
143,Chlorakas,CY,2022-05-10 13:39:28,34.8042,32.4083,77.54,73,20,12.66
144,Lebu,CL,2022-05-10 13:39:28,-37.6167,-73.65,53.78,67,8,9.64
145,Stykkisholmur,IS,2022-05-10 13:39:29,65.0757,-22.7297,36.41,86,100,18.21
146,Dhidhdhoo,MV,2022-05-10 13:39:29,6.8833,73.1,84.96,70,100,18.79
147,Vestmannaeyjar,IS,2022-05-10 13:39:29,63.4427,-20.2734,52.79,50,0,10.36
148,Dunedin,NZ,2022-05-10 13:39:30,-45.8742,170.5036,47.8,72,30,3.0
149,Goryachegorsk,RU,2022-05-10 13:39:30,55.4053,88.9154,37.83,43,0,5.97
150,Changping,CN,2022-05-10 13:39:31,40.2186,116.2197,51.44,60,89,4.88
151,Morgan City,US,2022-05-10 13:39:31,29.6994,-91.2068,79.0,65,0,8.63
152,Zhangye,CN,2022-05-10 13:39:31,38.9342,100.4517,63.66,24,92,2.26
153,Salalah,OM,2022-05-10 13:39:32,17.0151,54.0924,87.89,70,0,12.66
154,Fallon,US,2022-05-10 13:39:32,39.4735,-118.7774,32.45,80,100,6.91
155,The Valley,AI,2022-05-10 13:39:33,18.217,-63.0578,85.86,74,40,14.97
156,Tandur,IN,2022-05-10 13:39:33,17.2333,77.5833,96.13,22,100,6.76
157,Tuatapere,NZ,2022-05-10 13:39:34,-46.1333,167.6833,41.16,90,14,4.09
158,Lorengau,PG,2022-05-10 13:39:34,-2.0226,147.2712,83.25,72,100,11.3
159,Ucluelet,CA,2022-05-10 13:39:34,48.9329,-125.5528,45.09,90,83,2.93
160,Hay River,CA,2022-05-10 13:35:13,60.8156,-115.7999,22.98,86,75,4.61
161,Mareeba,AU,2022-05-10 13:39:35,-17.0,145.4333,69.48,96,100,1.63
162,Palora,EC,2022-05-10 13:39:35,-1.7,-77.9333,68.11,94,95,0.51
163,Owando,CG,2022-05-10 13:39:36,-0.4819,15.8999,93.72,40,100,2.1
164,Clayton,US,2022-05-10 13:36:43,33.5335,-84.3666,66.15,66,0,8.05
165,Cururupu,BR,2022-05-10 13:39:36,-1.8283,-44.8683,75.13,96,100,2.04
166,Lagoa,PT,2022-05-10 13:39:36,39.05,-27.9833,63.12,86,49,10.0
167,Nikolskoye,RU,2022-05-10 13:39:37,59.7035,30.7861,60.87,36,85,5.79
168,Montauban,FR,2022-05-10 13:39:37,44.0833,1.5,78.04,40,100,3.47
169,Ponta Do Sol,PT,2022-05-10 13:39:38,32.6667,-17.1,80.13,35,0,11.39
170,Seymour,US,2022-05-10 13:39:38,38.9592,-85.8903,69.53,78,54,5.01
171,Gurupa,BR,2022-05-10 13:39:38,-1.405,-51.64,75.7,94,100,2.42
172,Palembang,ID,2022-05-10 13:39:39,-2.9167,104.7458,80.69,89,40,0.0
173,Katherine,AU,2022-05-10 13:39:39,-14.4667,132.2667,77.32,65,100,3.44
174,Morozovsk,RU,2022-05-10 13:39:40,48.3539,41.8261,57.49,36,93,15.77
175,Saldanha,ZA,2022-05-10 13:39:40,-33.0117,17.9442,66.25,77,0,10.0
176,Tiksi,RU,2022-05-10 13:39:41,71.6872,128.8694,20.3,89,100,11.3
177,Geraldton,AU,2022-05-10 13:39:41,-28.7667,114.6,68.41,83,100,8.05
178,Khatanga,RU,2022-05-10 13:39:42,71.9667,102.5,25.16,97,100,0.85
179,Saint-Philippe,RE,2022-05-10 13:39:42,-21.3585,55.7679,78.39,83,38,6.26
180,Omboue,GA,2022-05-10 13:39:42,-1.5746,9.2618,81.32,82,96,5.53
181,Xichang,CN,2022-05-10 13:39:43,27.8964,102.2634,66.2,81,53,3.85
182,Mezhova,UA,2022-05-10 13:39:43,48.2532,36.7347,53.29,42,100,13.58
183,Constitucion,CL,2022-05-10 13:39:44,-35.3333,-72.4167,58.44,67,68,5.1
184,Faanui,PF,2022-05-10 13:39:44,-16.4833,-151.75,81.57,74,28,15.52
185,Katrineholm,SE,2022-05-10 13:39:45,58.9959,16.2072,67.44,46,100,12.28
186,Upernavik,GL,2022-05-10 13:40:45,72.7868,-56.1549,28.24,88,100,12.8
187,Aguimes,ES,2022-05-10 13:40:46,27.9054,-15.4461,77.63,54,0,5.75
188,Cabedelo,BR,2022-05-10 13:39:03,-6.9811,-34.8339,81.27,73,100,9.62
189,Broome,US,2022-05-10 13:40:47,42.2506,-75.833,61.86,32,19,5.75
190,Baykit,RU,2022-05-10 13:40:47,61.67,96.37,33.6,93,27,2.71
191,Makanya,TZ,2022-05-10 13:40:48,-4.3667,37.8333,82.2,52,65,14.16
192,Sheridan,US,2022-05-10 13:40:48,44.8333,-106.9173,41.92,47,0,1.01
193,Victor Harbor,AU,2022-05-10 13:40:48,-35.5667,138.6167,51.67,79,45,6.2
194,Zabaykalsk,RU,2022-05-10 13:40:49,49.6333,117.3167,37.9,40,78,8.39
195,Ahar,IR,2022-05-10 13:40:49,38.4774,47.0699,52.21,78,69,9.55
196,Viedma,AR,2022-05-10 13:40:50,-40.8135,-62.9967,58.23,55,91,7.02
197,Kulunda,RU,2022-05-10 13:40:50,52.566,78.9385,59.2,22,100,15.21
198,Dombarovskiy,RU,2022-05-10 13:40:51,50.7587,59.5386,54.54,68,71,20.18
199,Qaqortoq,GL,2022-05-10 13:40:51,60.7167,-46.0333,36.5,80,81,3.76
200,Palu,ID,2022-05-10 13:40:51,-0.8917,119.8707,76.26,93,100,3.71
201,Seoul,KR,2022-05-10 13:36:59,37.5683,126.9778,64.0,41,0,3.44
202,Genhe,CN,2022-05-10 13:40:52,50.7833,121.5167,33.69,52,98,3.22
203,Faya,SA,2022-05-10 13:40:52,18.3851,42.4509,82.51,43,74,12.12
204,Mahajanga,MG,2022-05-10 13:40:57,-15.7167,46.3167,86.02,58,20,10.36
205,Nome,US,2022-05-10 13:40:57,64.5011,-165.4064,24.87,86,100,3.44
206,Huarmey,PE,2022-05-10 13:40:58,-10.0681,-78.1522,65.95,83,79,5.46
207,Povazska Bystrica,SK,2022-05-10 13:40:58,49.1215,18.4217,77.32,33,0,5.75
208,Chara,RU,2022-05-10 13:40:59,56.9064,118.2631,27.0,68,100,5.17
209,Ewa Beach,US,2022-05-10 13:40:59,21.3156,-158.0072,74.08,79,100,8.05
210,Lata,PT,2022-05-10 13:41:00,40.1629,-8.3327,81.48,45,10,9.53
211,Mar Del Plata,AR,2022-05-10 13:38:05,-38.0023,-57.5575,58.95,76,75,8.05
212,Gobabis,NA,2022-05-10 13:41:00,-22.45,18.9667,80.55,13,0,5.37
213,Lompoc,US,2022-05-10 13:41:00,34.6391,-120.4579,45.93,83,0,15.99
214,Sulat,PH,2022-05-10 13:41:01,11.8103,125.4544,79.99,84,32,5.55
215,Drayton Valley,CA,2022-05-10 13:40:16,53.2168,-114.9854,32.79,78,100,9.64
216,Ulaanbaatar,MN,2022-05-10 13:41:01,47.9077,106.8832,30.33,55,20,4.47
217,Hamilton,US,2022-05-10 13:39:09,39.1834,-84.5333,72.64,66,20,10.36
218,Haapiti,PF,2022-05-10 13:41:02,-17.5667,-149.8667,74.93,70,54,13.78
219,Coihaique,CL,2022-05-10 13:41:02,-45.5752,-72.0662,44.55,81,20,6.91
220,Husavik,IS,2022-05-10 13:41:03,66.0449,-17.3389,33.67,98,100,16.49
221,Olafsvik,IS,2022-05-10 13:41:03,64.8945,-23.7142,38.1,77,95,29.57
222,Yei,SS,2022-05-10 13:41:03,4.095,30.6779,87.89,48,90,5.93
223,Vestmanna,FO,2022-05-10 13:41:04,62.1564,-7.1664,47.32,87,75,11.5
224,Lasa,IT,2022-05-10 13:41:04,46.6166,10.7002,74.28,71,77,3.96
225,Smidovich,RU,2022-05-10 13:41:05,48.6,133.8167,59.11,37,81,9.84
226,Northam,GB,2022-05-10 13:41:05,51.0333,-4.2167,58.24,76,19,16.91
227,Tshikapa,CD,2022-05-10 13:41:05,-6.4167,20.8,86.7,55,100,4.72
228,Yaan,NG,2022-05-10 13:41:06,7.3833,8.5667,85.91,60,100,5.66
229,Ponta Delgada,PT,2022-05-10 13:41:06,37.7333,-25.6667,66.92,72,75,4.61
230,Sao Joao Da Barra,BR,2022-05-10 13:41:07,-21.6403,-41.0511,71.69,64,66,10.71
231,Margate,GB,2022-05-10 13:42:07,51.3813,1.3862,63.7,74,99,7.0
232,Luderitz,NA,2022-05-10 13:42:08,-26.6481,15.1594,66.27,58,67,15.57
233,Mamburao,PH,2022-05-10 13:42:08,13.25,120.6667,80.6,74,100,3.02
234,Goundam,ML,2022-05-10 13:42:09,16.4145,-3.6708,102.99,3,26,11.68
235,Tromso,NO,2022-05-10 13:42:09,69.6496,18.957,41.02,93,100,6.91
236,Najran,SA,2022-05-10 13:42:10,17.4924,44.1277,97.45,13,0,14.76
237,Sakakah,SA,2022-05-10 13:42:10,29.9697,40.2064,90.97,9,0,18.34
238,Portland,US,2022-05-10 13:37:53,45.5234,-122.6762,45.18,92,75,0.0
239,Moroni,KM,2022-05-10 13:42:10,-11.7022,43.2551,86.0,62,20,24.16
240,Fort Nelson,CA,2022-05-10 13:42:11,58.8053,-122.7002,27.99,93,100,2.3
241,Nanortalik,GL,2022-05-10 13:42:11,60.1432,-45.2371,36.48,85,90,13.35
242,Lexington,US,2022-05-10 13:40:28,37.9887,-84.4777,70.29,72,0,6.91
243,Codrington,AU,2022-05-10 13:42:12,-38.2667,141.9667,50.45,89,86,6.33
244,Pitimbu,BR,2022-05-10 13:42:12,-7.4706,-34.8086,81.19,69,100,10.0
245,Russell,US,2022-05-10 13:42:12,32.3502,-85.1999,67.96,72,0,0.0
246,Guerrero Negro,MX,2022-05-10 13:37:52,27.9769,-114.0611,59.68,70,5,14.81
247,Buluang,PH,2022-05-10 13:42:13,13.3068,123.3425,77.74,88,94,3.76
248,Quatre Cocos,MU,2022-05-10 13:42:13,-20.2078,57.7625,78.1,80,14,10.69
249,Atambua,ID,2022-05-10 13:42:14,-9.1061,124.8925,72.05,84,48,5.48
250,Redmond,US,2022-05-10 13:40:18,47.674,-122.1215,46.51,82,100,1.99
251,Fairbanks,US,2022-05-10 13:40:03,64.8378,-147.7164,33.76,94,100,9.22
252,Huron,US,2022-05-10 13:42:14,41.1501,-82.5499,66.67,44,7,15.41
253,Centralia,US,2022-05-10 13:42:15,46.7162,-122.9543,38.07,97,100,5.75
254,Sakharovo,RU,2022-05-10 13:42:15,56.8995,36.0502,52.79,39,71,13.11
255,Korla,CN,2022-05-10 13:42:15,41.7597,86.1469,81.12,19,14,8.93
256,Rawson,AR,2022-05-10 13:42:16,-43.3002,-65.1023,54.59,59,0,11.7
257,Abha,SA,2022-05-10 13:42:16,18.2164,42.5053,82.22,31,40,9.22
258,Praia,CV,2022-05-10 13:42:17,14.9215,-23.5087,81.14,50,40,20.71
259,Falkenberg,SE,2022-05-10 13:42:17,56.9055,12.4912,60.94,80,100,7.36
260,Longyearbyen,SJ,2022-05-10 13:42:17,78.2186,15.6401,24.64,54,20,3.44
261,Sabaudia,IT,2022-05-10 13:42:18,41.3003,13.0282,80.64,54,7,10.94
262,Alofi,NU,2022-05-10 13:42:18,-19.0595,-169.9187,71.49,88,100,6.91
263,Mount Gambier,AU,2022-05-10 13:42:19,-37.8333,140.7667,44.51,93,25,0.0
264,Cap Malheureux,MU,2022-05-10 13:42:19,-19.9842,57.6142,78.48,73,5,5.99
265,San Patricio,US,2022-05-10 13:42:20,28.017,-97.5169,82.35,75,100,14.63
266,Aljezur,PT,2022-05-10 13:42:20,37.3191,-8.8033,75.78,46,83,6.62
267,Champoton,MX,2022-05-10 13:42:20,19.35,-90.7167,82.94,65,0,10.42
268,Fukue,JP,2022-05-10 13:42:21,32.6881,128.8419,65.71,88,100,9.46
269,Gua Musang,MY,2022-05-10 13:42:21,4.8823,101.9644,76.77,97,100,0.87
270,Kyra,RU,2022-05-10 13:42:22,49.5776,111.9753,28.96,68,81,9.08
271,Muravlenko,RU,2022-05-10 13:42:22,63.7898,74.523,48.54,80,100,11.68
272,Tautira,PF,2022-05-10 13:42:23,-17.7333,-149.15,80.8,75,50,15.12
273,Dongying,CN,2022-05-10 13:42:23,37.4564,118.4856,59.5,69,49,6.93
274,Haines Junction,CA,2022-05-10 13:42:23,60.7522,-137.5108,33.75,93,100,2.3
275,Barcelona,ES,2022-05-10 13:42:24,41.3888,2.159,86.72,49,20,19.57
276,Kavieng,PG,2022-05-10 13:42:24,-2.5744,150.7967,82.92,73,100,13.09
277,Suhbaatar,MN,2022-05-10 13:43:25,50.2314,106.2078,36.34,37,94,4.7
278,Ayia Galini,GR,2022-05-10 13:43:25,35.1,24.6833,69.39,63,4,3.0
279,Hirara,JP,2022-05-10 13:43:25,24.8,125.2833,77.95,88,44,13.6
280,Kahului,US,2022-05-10 13:43:26,20.8947,-156.47,73.85,84,40,14.97
281,Dogondoutchi,NE,2022-05-10 13:43:26,13.6393,4.0287,106.03,16,54,9.44
282,Avera,US,2022-05-10 13:43:27,33.194,-82.5271,64.54,37,0,10.07
283,Broken Hill,AU,2022-05-10 13:43:27,-31.95,141.4333,55.11,88,100,8.05
284,Ongole,IN,2022-05-10 13:38:28,15.5,80.05,77.45,89,100,8.81
285,Greystones,IE,2022-05-10 13:43:28,53.1408,-6.0631,63.23,58,54,14.85
286,Batagay-Alyta,RU,2022-05-10 13:43:28,67.8006,130.4114,-3.86,98,38,5.46
287,Santiago,CL,2022-05-10 13:38:42,-33.4569,-70.6483,70.99,58,0,3.44
288,Ballymena,GB,2022-05-10 13:43:28,54.8636,-6.2763,60.24,78,54,16.78
289,Caboolture,AU,2022-05-10 13:43:29,-27.0833,152.95,70.9,95,100,11.99
290,Amapa,BR,2022-05-10 13:43:29,1.0,-52.0,78.19,84,99,2.8
291,Mazatlan,MX,2022-05-10 13:43:30,23.2167,-106.4167,74.01,95,40,0.0
292,Meulaboh,ID,2022-05-10 13:43:30,4.1363,96.1285,79.36,87,100,4.94
293,Lipari,IT,2022-05-10 13:43:30,38.4674,14.954,72.0,69,1,6.46
294,Severnoye,RU,2022-05-10 13:43:31,56.3491,78.3619,59.34,38,38,8.55
295,Pacific Grove,US,2022-05-10 13:41:22,36.6177,-121.9166,44.71,83,0,1.01
296,Waldoboro,US,2022-05-10 13:43:31,44.0954,-69.3756,59.59,33,0,8.95
297,Yerbogachen,RU,2022-05-10 13:43:32,61.2767,108.0108,28.92,88,59,2.77
298,Port Macquarie,AU,2022-05-10 13:43:09,-31.4333,152.9167,59.9,77,100,10.36
299,Ust-Nera,RU,2022-05-10 13:43:32,64.5667,143.2,25.07,88,100,2.91
300,Prundu,RO,2022-05-10 13:43:33,44.0947,26.2269,69.93,59,95,11.65
301,Soria,ES,2022-05-10 13:43:33,41.6667,-2.6667,75.85,29,79,3.38
302,Trelew,AR,2022-05-10 13:43:33,-43.249,-65.3051,54.79,50,0,9.24
303,Severo-Yeniseyskiy,RU,2022-05-10 13:43:34,60.3725,93.0408,29.95,91,15,2.44
304,Chegdomyn,RU,2022-05-10 13:43:34,51.1167,133.0167,51.24,64,90,5.79
305,Venado,MX,2022-05-10 13:43:35,22.9333,-101.0833,70.3,68,35,5.1
306,Griffith,US,2022-05-10 13:41:55,41.5284,-87.4237,74.14,76,75,13.8
307,Parrita,CR,2022-05-10 13:43:35,9.5201,-84.3225,82.6,69,75,0.38
308,East London,ZA,2022-05-10 13:43:35,-33.0153,27.9116,74.34,60,0,8.05
309,Ixtapa,MX,2022-05-10 13:43:36,20.7,-105.2,75.22,94,75,0.0
310,Sioux Lookout,CA,2022-05-10 13:43:36,50.1001,-91.917,50.07,87,100,9.22
311,Bjornevatn,NO,2022-05-10 13:43:37,69.6672,29.9847,39.54,93,100,4.61
312,Severo-Kurilsk,RU,2022-05-10 13:43:37,50.6789,156.125,34.97,94,100,3.94
313,Garden City,US,2022-05-10 13:41:57,42.3256,-83.331,66.92,37,100,12.66
314,Moreira Sales,BR,2022-05-10 13:43:37,-24.0622,-53.0069,70.38,71,99,6.02
315,San Juan Del Sur,NI,2022-05-10 13:43:38,11.2529,-85.8705,79.02,89,40,0.0
316,Asau,RO,2022-05-10 13:43:38,46.4333,26.4,60.28,68,94,3.04
317,Nur,PL,2022-05-10 13:43:39,52.6683,22.3221,61.81,42,7,4.94
318,Fernie,CA,2022-05-10 13:43:39,49.5,-115.0687,39.88,94,100,5.28
319,Porto Walter,BR,2022-05-10 13:43:39,-8.2686,-72.7439,83.95,63,100,1.61
320,Jacareacanga,BR,2022-05-10 13:43:40,-6.2222,-57.7528,86.49,60,45,2.73
321,Port-Gentil,GA,2022-05-10 13:43:40,-0.7193,8.7815,84.16,81,75,4.61
322,Port Blair,IN,2022-05-10 13:43:41,11.6667,92.75,82.44,83,40,8.05
323,Motegi,JP,2022-05-10 13:43:41,36.5167,140.1833,50.86,77,100,3.53
324,Cockburn Town,TC,2022-05-10 13:43:42,21.4612,-71.1419,79.43,80,88,5.59
325,Gao,ML,2022-05-10 13:44:42,16.6362,1.637,105.71,3,50,8.19
326,Blagoyevo,RU,2022-05-10 13:44:42,63.3667,47.9167,48.4,40,85,4.07
327,Touros,BR,2022-05-10 13:44:43,-5.1989,-35.4608,77.56,82,95,7.94
328,Libreville,GA,2022-05-10 13:44:43,0.3925,9.4537,86.02,74,20,6.91
329,Dubai,AE,2022-05-10 13:44:44,25.2582,55.3047,88.05,45,0,14.97
330,Taltal,CL,2022-05-10 13:44:44,-25.4,-70.4833,64.17,69,26,3.6
331,Naze,JP,2022-05-10 13:44:45,28.3667,129.4833,68.92,88,84,5.39
332,Nantucket,US,2022-05-10 13:42:25,41.2835,-70.0995,55.54,58,100,29.93
333,Sabang,ID,2022-05-10 13:44:45,5.8933,95.3214,84.83,76,92,11.56
334,Buraydah,SA,2022-05-10 13:44:45,26.326,43.975,97.25,9,0,1.77
335,Tingi,TZ,2022-05-10 13:44:46,-11.3,35.0333,70.81,66,10,3.71
336,Doume,CM,2022-05-10 13:44:46,4.2333,13.45,89.82,42,100,1.5
337,Saint George,US,2022-05-10 13:44:47,37.1041,-113.5841,58.62,31,0,3.0
338,Heishan,CN,2022-05-10 13:44:47,41.6892,122.1128,52.45,77,46,14.34
339,Iqaluit,CA,2022-05-10 13:44:47,63.7506,-68.5145,33.53,93,100,3.44
340,Anadyr,RU,2022-05-10 13:44:48,64.75,177.4833,37.9,74,0,13.42
341,Safford,US,2022-05-10 13:44:48,32.834,-109.7076,70.11,30,0,4.61
342,Duldurga,RU,2022-05-10 13:44:49,50.6761,113.5931,33.1,64,100,9.98
343,Hongjiang,CN,2022-05-10 13:44:49,27.11,109.9956,62.8,91,76,2.77
344,Grindavik,IS,2022-05-10 13:44:49,63.8424,-22.4338,45.07,70,75,23.02
345,Potsdam,DE,2022-05-10 13:44:50,52.3989,13.0657,82.15,35,100,3.0
346,Praya,CV,2022-05-10 13:44:50,14.9215,-23.5087,81.14,50,40,20.71
347,Humaita,BR,2022-05-10 13:44:51,-7.5061,-63.0208,85.42,68,22,2.73
348,Paamiut,GL,2022-05-10 13:44:51,61.994,-49.6678,33.33,92,99,3.83
349,Ugoofaaru,MV,2022-05-10 13:44:51,5.6667,73.0,84.9,75,100,17.18
350,Isabela,PH,2022-05-10 13:44:52,6.7085,121.9711,79.0,90,100,5.97
351,Dondo,MZ,2022-05-10 13:44:52,-19.6094,34.7431,78.31,75,48,5.93
352,Mortka,RU,2022-05-10 13:44:53,59.3322,66.0214,63.66,41,98,6.8
353,Ormara,PK,2022-05-10 13:44:53,25.2088,64.6357,83.84,73,0,16.17
354,Nelson Bay,AU,2022-05-10 13:44:54,-32.7167,152.15,69.01,74,100,1.99
355,Kipushi,CD,2022-05-10 13:44:54,-11.7667,27.2333,76.71,48,1,5.01
356,Kuah,MY,2022-05-10 13:44:54,6.3265,99.8432,84.18,89,20,1.14
357,Takhtamygda,RU,2022-05-10 13:44:55,54.1,123.5667,31.6,67,12,8.19
358,Guilin,CN,2022-05-10 13:44:55,25.2819,110.2864,69.91,87,100,6.87
359,Maloy,NO,2022-05-10 13:44:55,61.9353,5.1136,51.53,80,44,20.45
360,Ardmore,US,2022-05-10 13:44:56,34.1743,-97.1436,77.86,84,100,10.36
361,Inuvik,CA,2022-05-10 13:44:56,68.3499,-133.7218,31.06,93,100,12.66
362,Malartic,CA,2022-05-10 13:44:57,48.1335,-78.1328,64.02,40,100,13.42
363,Anchorage,US,2022-05-10 13:40:52,61.2181,-149.9003,39.34,58,40,15.01
364,Havelock,US,2022-05-10 13:44:57,34.8791,-76.9013,60.03,75,100,20.71
365,Aykhal,RU,2022-05-10 13:44:58,66.0,111.5,21.15,94,61,5.32
366,Banda,IN,2022-05-10 13:44:58,25.4833,80.3333,102.0,19,0,7.4
367,Vanimo,PG,2022-05-10 13:44:58,-2.6741,141.3028,80.44,88,60,5.79
368,Ranau,MY,2022-05-10 13:44:59,5.9538,116.6641,72.1,97,100,1.05
369,Katiola,CI,2022-05-10 13:44:59,8.1333,-5.1,93.85,40,70,4.43
370,Ola,RU,2022-05-10 13:45:00,59.5833,151.2833,34.14,100,100,3.27
371,Jalu,LY,2022-05-10 13:46:00,29.0331,21.5482,86.25,18,0,13.67
372,Don Sak,TH,2022-05-10 13:46:00,9.3168,99.6918,84.09,83,99,5.66
373,Yaval,IN,2022-05-10 13:46:01,21.1667,75.7,103.87,11,80,4.94
374,Taoudenni,ML,2022-05-10 13:46:01,22.6783,-3.9836,105.22,5,0,11.45
375,Qixingtai,CN,2022-05-10 13:46:02,30.4135,111.8874,65.62,73,55,3.33
376,Port Washington,US,2022-05-10 13:46:02,40.8257,-73.6982,63.39,37,20,17.27
377,Escanaba,US,2022-05-10 13:46:03,45.7453,-87.0646,62.56,84,0,10.36
378,Baghdad,IQ,2022-05-10 13:44:16,33.3406,44.4009,93.11,6,0,17.27
379,Columbus,US,2022-05-10 13:42:35,39.9612,-82.9988,68.68,41,20,12.66
380,Bilma,NE,2022-05-10 13:46:03,18.6853,12.9164,109.18,6,7,8.99
381,Pozo Colorado,PY,2022-05-10 13:46:04,-23.4923,-58.7972,67.51,80,99,3.58
382,Umba,RU,2022-05-10 13:46:04,66.6871,34.3429,43.29,86,100,11.92
383,Dubno,UA,2022-05-10 13:46:05,50.4169,25.7343,64.89,44,77,5.26
384,Ust-Kuyga,RU,2022-05-10 13:46:05,70.0167,135.6,-1.48,99,10,2.93
385,Voyvozh,RU,2022-05-10 13:46:05,62.892,54.9635,48.09,64,100,6.67
386,Winton,US,2022-05-10 13:46:06,37.3894,-120.6133,44.26,88,0,0.0
387,Paracatu,BR,2022-05-10 13:46:06,-17.2222,-46.8747,79.12,38,4,7.05
388,Santa Cruz,BO,2022-05-10 13:45:04,-17.8,-63.1667,71.06,83,75,11.5
389,Maua,BR,2022-05-10 13:46:11,-23.6678,-46.4614,69.08,78,16,4.36
390,Sivas,TR,2022-05-10 13:46:11,39.7916,37.0019,57.83,38,40,13.8
391,Bloemfontein,ZA,2022-05-10 13:44:07,-29.1211,26.214,69.28,28,0,8.05
392,Rio Grande,BR,2022-05-10 13:43:31,-32.035,-52.0986,68.11,76,82,3.27
393,Turukhansk,RU,2022-05-10 13:46:12,65.8167,87.9833,39.63,100,100,13.35
394,Karangasem,ID,2022-05-10 13:46:12,-8.45,115.6167,79.86,84,87,8.16
395,Maldonado,UY,2022-05-10 13:42:06,-34.6667,-54.9167,58.23,72,100,2.48
396,Bayshore Gardens,US,2022-05-10 13:46:13,27.4253,-82.5904,76.05,63,0,11.5
397,Hualmay,PE,2022-05-10 13:46:13,-11.0964,-77.6139,65.66,81,48,4.41
398,Djambala,CG,2022-05-10 13:46:14,-2.5447,14.7533,85.51,51,87,5.64
399,Komsomolskiy,UZ,2022-05-10 13:46:14,40.4272,71.7189,72.32,53,99,11.5
400,Shenzhen,CN,2022-05-10 13:42:27,22.5455,114.0683,80.55,96,100,4.72
401,Lira,UG,2022-05-10 13:46:14,2.235,32.9097,81.3,54,78,4.52
402,Yinchuan,CN,2022-05-10 13:46:15,38.4681,106.2731,67.42,19,100,13.96
403,Praia Da Vitoria,PT,2022-05-10 13:46:15,38.7333,-27.0667,68.76,68,75,6.02
404,Yenagoa,NG,2022-05-10 13:46:16,4.9247,6.2642,85.53,59,100,4.34
405,Lodeynoye Pole,RU,2022-05-10 13:46:16,60.726,33.5531,55.13,39,6,7.25
406,Sao Jose Da Coroa Grande,BR,2022-05-10 13:46:16,-8.8978,-35.1478,81.39,73,96,7.27
407,Wattegama,LK,2022-05-10 13:46:17,6.7989,81.4808,77.22,88,98,3.94
408,Pombia,IT,2022-05-10 13:46:17,45.653,8.6336,79.99,45,0,8.05
409,Ruteng,ID,2022-05-10 13:46:18,-8.6136,120.4721,62.69,94,75,2.44
410,Namibe,AO,2022-05-10 13:46:18,-15.1961,12.1522,79.43,61,0,20.71
411,Karlstad,SE,2022-05-10 13:46:18,59.3793,13.5036,52.36,100,100,16.11
412,Sao Filipe,CV,2022-05-10 13:46:19,14.8961,-24.4956,74.32,76,29,5.84
413,Souillac,MU,2022-05-10 13:46:19,-20.5167,57.5167,76.21,81,35,9.82
414,Pahrump,US,2022-05-10 13:42:28,36.2083,-115.9839,48.49,25,36,5.99
415,Bom Jesus,BR,2022-05-10 13:47:20,-9.0744,-44.3586,90.39,39,31,5.06
416,Soyo,AO,2022-05-10 13:47:20,-6.1349,12.3689,81.73,80,44,10.33
417,Vilhena,BR,2022-05-10 13:47:21,-12.7406,-60.1458,80.82,65,0,5.75
418,Zaozerne,UA,2022-05-10 13:47:21,45.1582,33.2787,61.38,49,10,12.75
419,Nioki,CD,2022-05-10 13:47:22,-2.7167,17.6833,90.14,51,100,2.24
420,Chiriguana,CO,2022-05-10 13:47:22,9.3624,-73.6031,79.93,90,100,3.74
421,Port Hedland,AU,2022-05-10 13:47:22,-20.3167,118.5667,71.65,18,69,9.22
422,Soyalo,MX,2022-05-10 13:47:23,16.9,-92.9167,61.7,61,100,0.96
423,Alyangula,AU,2022-05-10 13:47:23,-13.8483,136.4192,76.87,94,75,5.75
424,Ilulissat,GL,2022-05-10 13:44:16,69.2167,-51.1,21.22,79,75,8.05
425,Mehamn,NO,2022-05-10 13:47:24,71.0357,27.8492,35.51,82,100,8.1
426,Samfya,ZM,2022-05-10 13:47:24,-11.3649,29.5565,79.29,40,0,4.0
427,Tocopilla,CL,2022-05-10 13:47:25,-22.092,-70.1979,68.05,62,3,4.94
428,Flinders,AU,2022-05-10 13:47:25,-34.5833,150.8552,65.37,71,100,4.0
429,Dourbali,TD,2022-05-10 13:47:25,11.8091,15.8632,107.56,15,93,3.51
430,Itarema,BR,2022-05-10 13:47:26,-2.9248,-39.9167,78.98,83,97,7.27
431,Turayf,SA,2022-05-10 13:47:26,31.6725,38.6637,82.65,18,0,11.5
432,Zhuanghe,CN,2022-05-10 13:47:26,39.7008,122.9911,51.62,82,57,4.7
433,Lakatoro,VU,2022-05-10 13:47:27,-16.0999,167.4164,79.32,80,80,15.68
434,Sault Sainte Marie,CA,2022-05-10 13:43:59,46.5168,-84.3333,58.82,46,75,11.5
435,Khairpur Nathan Shah,PK,2022-05-10 13:47:27,27.0936,67.7337,107.53,9,1,7.02
436,Kongolo,CD,2022-05-10 13:47:28,-5.3833,27.0,87.13,53,68,4.29
437,Collie,AU,2022-05-10 13:47:28,-33.3667,116.15,52.63,94,0,2.46
438,Muromtsevo,RU,2022-05-10 13:47:28,56.3724,75.2418,62.67,37,38,9.01
439,Sibu,MY,2022-05-10 13:47:29,2.3,111.8167,82.71,88,40,2.3
440,Saint-Joseph,RE,2022-05-10 13:47:29,-21.3667,55.6167,77.38,81,27,0.36
441,Matara,LK,2022-05-10 13:47:30,5.9485,80.5353,81.07,85,49,15.21
442,Kutum,SD,2022-05-10 13:47:30,14.2,24.6667,97.11,6,4,14.56
443,Tigil,RU,2022-05-10 13:47:30,57.8,158.6667,34.29,93,28,2.89
444,Athabasca,CA,2022-05-10 13:47:31,54.7169,-113.2854,28.81,69,94,6.89
445,Mecca,SA,2022-05-10 13:47:31,21.4267,39.8261,102.58,12,0,18.63
446,Virginia Beach,US,2022-05-10 13:46:47,36.8529,-75.978,57.25,69,100,19.57
447,Kodinsk,RU,2022-05-10 13:47:32,58.6881,99.1844,36.28,66,45,3.18
448,Necochea,AR,2022-05-10 13:45:43,-38.5473,-58.7368,54.5,72,100,5.99
449,Gorgan,IR,2022-05-10 13:47:32,36.8387,54.4348,67.96,68,75,11.5
450,Jiaojiang,CN,2022-05-10 13:47:33,28.6803,121.4428,66.0,99,100,4.85
451,Lakeway,US,2022-05-10 13:47:33,30.3638,-97.9796,79.47,83,100,8.05
452,Dutlwe,BW,2022-05-10 13:47:33,-23.9833,23.9,74.46,22,0,3.44
453,Hirata,JP,2022-05-10 13:47:34,35.4333,132.8167,59.02,72,100,5.82
454,Petropavlovsk-Kamchatskiy,RU,2022-05-10 13:43:30,53.0452,158.6483,36.19,100,75,8.95
455,Klyuchi,RU,2022-05-10 13:47:34,52.2667,79.1667,59.0,23,100,14.52
456,Kunigal,IN,2022-05-10 13:47:35,13.0222,77.0267,77.31,74,100,6.46
457,Duluth,US,2022-05-10 13:43:45,46.7833,-92.1066,60.03,74,20,9.22
458,Norman Wells,CA,2022-05-10 13:47:35,65.282,-126.8329,37.44,38,75,13.8
459,Shuyskoye,RU,2022-05-10 13:47:36,59.3736,41.0305,51.76,45,100,9.86
460,Taraza,CO,2022-05-10 13:47:36,7.5836,-75.4007,83.95,70,100,1.99
461,Sobolevo,RU,2022-05-10 13:48:36,54.4299,31.8996,53.37,42,94,12.68
462,La Ronge,CA,2022-05-10 13:45:34,55.1001,-105.2842,37.65,65,40,1.14
463,Kalmunai,LK,2022-05-10 13:48:37,7.4167,81.8167,83.93,78,91,7.47
464,Vila,PT,2022-05-10 13:48:37,42.0304,-8.1588,75.7,41,64,6.04
465,Chikwawa,MW,2022-05-10 13:48:38,-16.0335,34.8009,86.32,48,0,6.76
466,Juneau,US,2022-05-10 13:45:24,58.3019,-134.4197,39.2,97,100,6.91
467,Ginir,ET,2022-05-10 13:48:38,7.1333,40.7,77.13,35,83,9.42
468,Ha Tinh,VN,2022-05-10 13:48:38,18.3333,105.9,80.89,80,79,5.77
469,Barabai,ID,2022-05-10 13:48:39,-2.5833,115.3833,77.72,85,100,2.55
470,Bodden Town,KY,2022-05-10 13:48:39,19.2833,-81.25,86.0,71,20,9.22
471,Jiangyou,CN,2022-05-10 13:48:40,31.7667,104.7167,72.03,74,100,5.99
472,Nemuro,JP,2022-05-10 13:48:40,43.3236,145.575,40.24,83,4,5.88
473,Labuhan,ID,2022-05-10 13:48:41,-6.8844,112.2051,81.01,87,84,8.55
474,Zelenoborskiy,RU,2022-05-10 13:48:41,66.845,32.3622,46.06,78,100,10.0
475,Grand Bank,CA,2022-05-10 13:45:33,47.0999,-55.765,50.99,50,0,3.78
476,Shirokiy,RU,2022-05-10 13:48:42,49.758,129.523,53.17,64,100,6.8
477,Egvekinot,RU,2022-05-10 13:48:42,66.3167,-179.1667,23.41,98,100,5.12
478,Teya,RU,2022-05-10 13:48:42,60.3778,92.6267,33.37,92,17,2.15
479,Canutama,BR,2022-05-10 13:48:43,-6.5339,-64.3831,85.77,65,16,3.42
480,San Antonio,US,2022-05-10 13:48:43,29.4241,-98.4936,81.43,82,100,11.5
481,Flin Flon,CA,2022-05-10 13:48:44,54.7682,-101.865,40.84,60,100,11.5
482,Radis,TN,2022-05-10 13:48:44,36.7681,10.2753,69.71,64,40,16.11
483,San Cristobal,VE,2022-05-10 13:43:47,7.7669,-72.225,73.58,93,100,3.6
484,Salina Cruz,MX,2022-05-10 13:43:53,16.1667,-95.2,85.17,66,100,2.77
485,Novodugino,RU,2022-05-10 13:48:44,55.6305,34.2842,51.44,43,64,14.16
486,Camapua,BR,2022-05-10 13:48:45,-19.5314,-54.0439,85.68,35,72,6.17
487,Pontianak,ID,2022-05-10 13:48:45,-0.0333,109.3333,82.38,83,40,4.61
488,Okhotsk,RU,2022-05-10 13:48:46,59.3833,143.3,33.12,98,100,8.79
489,Tura,IN,2022-05-10 13:48:46,25.5198,90.2201,71.56,93,26,7.07
490,Otane,NZ,2022-05-10 13:48:46,-39.8833,176.6333,48.0,86,87,6.82
491,Aklavik,CA,2022-05-10 13:48:47,68.2191,-135.0107,29.98,95,100,17.16
492,Seddon,AU,2022-05-10 13:48:47,-37.8068,144.8916,56.77,90,75,6.91
493,Aksarka,RU,2022-05-10 13:48:48,66.5606,67.7975,30.24,94,91,3.51
494,Noyabrsk,RU,2022-05-10 13:48:48,63.1994,75.4507,50.25,69,99,12.73
495,La Asuncion,VE,2022-05-10 13:48:49,11.0333,-63.8628,89.33,62,13,18.41
496,Pemba,MZ,2022-05-10 13:48:49,-12.974,40.5178,83.1,65,20,12.66
497,Henties Bay,NA,2022-05-10 13:48:49,-22.116,14.2845,67.12,64,0,15.64
498,Aras,ES,2022-05-10 13:48:50,42.5617,-2.356,79.23,38,0,8.05
499,Wasilla,US,2022-05-10 13:48:50,61.5814,-149.4394,38.35,68,0,9.22
500,Gauting,DE,2022-05-10 13:48:51,48.0692,11.377,75.67,40,0,5.75
501,Keskin,TR,2022-05-10 13:48:51,39.6731,33.6136,61.84,24,0,5.53
502,Lulea,SE,2022-05-10 13:48:51,65.5842,22.1547,42.87,75,0,11.5
503,Kurilsk,RU,2022-05-10 13:48:52,45.2333,147.8833,34.74,80,9,2.64
504,Kenai,US,2022-05-10 13:48:52,60.5544,-151.2583,41.14,63,100,5.75
505,Moindou,NC,2022-05-10 13:48:53,-21.6924,165.677,72.21,77,35,4.29
506,Aleksandrow Kujawski,PL,2022-05-10 13:48:54,52.8766,18.6935,71.91,28,16,9.86
507,Perelyub,RU,2022-05-10 13:49:55,51.8667,50.3667,47.12,88,100,15.75
508,Havoysund,NO,2022-05-10 13:49:55,70.9963,24.6622,35.83,81,100,11.79
509,Izvoarele Sucevei,RO,2022-05-10 13:49:55,47.75,25.1833,53.94,63,88,4.72
510,Ayagoz,KZ,2022-05-10 13:49:56,47.9714,80.4392,60.46,31,100,13.69
511,Bontang,ID,2022-05-10 13:49:56,0.1333,117.5,81.01,77,100,4.23
512,Mamallapuram,IN,2022-05-10 13:49:57,12.6264,80.1722,87.85,51,100,22.68
513,Pangnirtung,CA,2022-05-10 13:49:57,66.1451,-65.7125,28.4,64,40,6.91
514,Maebaru,JP,2022-05-10 13:49:57,33.55,130.2,70.77,86,100,1.95
515,Duvan,RU,2022-05-10 13:49:58,55.695,57.9024,50.32,85,100,15.39
516,Mount Isa,AU,2022-05-10 13:49:58,-20.7333,139.5,65.97,82,1,8.05
517,Matadi,CD,2022-05-10 13:49:59,-5.8167,13.45,89.94,64,78,0.96
518,Te Anau,NZ,2022-05-10 13:49:59,-45.4167,167.7167,38.61,93,13,1.43
519,Itoman,JP,2022-05-10 13:47:01,26.1247,127.6694,77.02,78,75,5.75
520,Minnedosa,CA,2022-05-10 13:49:59,50.2453,-99.8436,45.16,88,80,16.49
521,Guaramirim,BR,2022-05-10 13:46:24,-26.4731,-49.0028,73.92,65,50,2.33
522,Tallahassee,US,2022-05-10 13:49:00,30.4383,-84.2807,72.32,69,0,3.0
523,Oktyabrskiy,RU,2022-05-10 13:50:00,54.4815,53.471,54.55,86,100,7.85
524,Isangel,VU,2022-05-10 13:50:00,-19.55,169.2667,74.7,78,24,13.04
525,Opava,CZ,2022-05-10 13:50:01,49.9387,17.9026,72.91,100,11,7.0
526,Markova,UA,2022-05-10 13:50:01,48.6758,24.4138,58.44,62,86,2.91
527,Ourem,PT,2022-05-10 13:50:02,39.6417,-8.5919,90.84,51,53,6.76
528,Dicabisagan,PH,2022-05-10 13:50:02,17.0818,122.4157,79.52,82,20,5.73
529,Ferrol,ES,2022-05-10 13:50:03,43.4832,-8.2369,69.24,66,14,6.11
530,Zhangjiakou,CN,2022-05-10 13:50:03,40.81,114.8794,51.33,64,25,10.89
531,Joensuu,FI,2022-05-10 13:50:03,62.6012,29.7632,61.29,36,0,13.8
532,Severnyy,RU,2022-05-10 13:50:04,50.677,36.5532,53.64,30,75,17.9
533,Homer,US,2022-05-10 13:50:04,59.6425,-151.5483,42.69,52,100,11.01
534,Coquimbo,CL,2022-05-10 13:50:05,-29.9533,-71.3436,56.93,62,0,3.44
535,Kawalu,ID,2022-05-10 13:50:05,-7.3817,108.2082,76.44,97,100,1.19
536,Casino,AU,2022-05-10 13:50:06,-28.8667,153.05,62.55,94,100,5.75
537,Valdivia,CL,2022-05-10 13:50:06,-39.8142,-73.2459,44.69,81,50,4.88
538,Half Moon Bay,US,2022-05-10 13:45:34,37.4636,-122.4286,49.62,85,40,8.05
539,Stornoway,GB,2022-05-10 13:50:06,58.2093,-6.3865,57.16,71,40,20.71
540,Maniwaki,CA,2022-05-10 13:50:07,46.3834,-75.966,62.98,25,37,10.36
541,Teguldet,RU,2022-05-10 13:50:07,57.3064,88.1667,41.83,55,2,4.99
542,Hofn,IS,2022-05-10 13:50:08,64.2539,-15.2082,46.18,57,100,21.12
543,Hami,CN,2022-05-10 13:50:08,42.8,93.45,74.25,7,16,13.2
544,Warsaw,PL,2022-05-10 13:46:42,52.2298,21.0118,69.91,24,0,6.91
545,Pati,ID,2022-05-10 13:50:08,-6.7559,111.038,78.71,93,100,3.24
546,Kushima,JP,2022-05-10 13:50:09,31.4583,131.2333,67.03,94,100,7.43
547,Sao Lourenco Do Oeste,BR,2022-05-10 13:50:09,-26.3592,-52.8511,56.08,97,100,2.77
548,Sarkand,KZ,2022-05-10 13:50:10,45.41,79.9186,68.43,53,93,4.18
549,Atasu,KZ,2022-05-10 13:50:10,48.6814,71.6433,59.16,79,100,7.25
550,Port Augusta,AU,2022-05-10 13:50:11,-32.5,137.7667,55.4,55,0,6.15
551,Altay,CN,2022-05-10 13:50:11,47.8667,88.1167,54.03,29,6,9.51
552,Sembakung,ID,2022-05-10 13:51:11,3.8167,117.25,76.08,92,100,1.63
553,Waddan,LY,2022-05-10 13:51:12,29.1614,16.139,85.1,20,0,8.16
554,Andenes,NO,2022-05-10 13:51:12,69.3143,16.1194,44.58,93,100,5.75
555,Masvingo,ZW,2022-05-10 13:51:13,-20.0637,30.8277,77.85,35,1,6.29
556,Bedesa,ET,2022-05-10 13:51:13,8.9,40.7833,83.07,27,59,7.92
557,Lalsk,RU,2022-05-10 13:51:14,60.7415,47.5862,51.04,66,100,10.27
558,Oktyabrskoye,RU,2022-05-10 13:51:14,43.0645,44.7417,51.94,76,75,13.42
559,Vanderhoof,CA,2022-05-10 13:51:14,54.0166,-124.0198,38.19,76,51,7.14
560,Miguel Hidalgo,MX,2022-05-10 13:51:15,19.4225,-99.2028,67.59,46,83,1.99
561,Dhone,IN,2022-05-10 13:51:15,15.4167,77.8833,91.17,31,100,4.29
562,Mae Sai,TH,2022-05-10 13:51:16,20.4335,99.8762,74.64,92,27,1.99
563,Katangli,RU,2022-05-10 13:51:16,51.7102,143.2326,32.85,99,99,6.67
564,Ligayan,PH,2022-05-10 13:51:16,4.6533,119.4706,81.32,80,100,10.49
565,Timizart,DZ,2022-05-10 13:47:29,36.8,4.2667,66.45,58,0,8.79
566,Ures,MX,2022-05-10 13:51:17,29.4333,-110.4,74.84,19,47,3.24
567,Bagdarin,RU,2022-05-10 13:51:17,54.4333,113.6,29.93,47,100,5.97
568,Kysyl-Syr,RU,2022-05-10 13:51:18,63.8986,122.7617,19.72,96,47,1.9
569,Mitu,CO,2022-05-10 13:51:18,1.1983,-70.1733,79.32,91,37,0.83
570,Cedar City,US,2022-05-10 13:49:38,37.6775,-113.0619,44.4,33,0,11.5
