WeatherPy_Database,City,Lat,Lng,Max Temp,Humidity,Cloudiness,Wind Speed,Weather Description,Country,Date
0,Hovd,48.0056,91.6419,48.02,31,0,1.66,Clear,MN,2022-05-13 19:14:51
1,Kapaa,22.0752,-159.319,79.12,78,40,13.8,Clouds,US,2022-05-13 19:14:52
2,Birigui,-21.2886,-50.34,85.33,33,0,1.68,Clear,BR,2022-05-13 19:14:52
3,Jamestown,42.097,-79.2353,80.06,51,20,8.05,Clouds,US,2022-05-13 19:11:14
4,Jibuti,11.5,42.5,85.77,41,5,8.97,Clear,DJ,2022-05-13 19:14:52
5,Ushuaia,-54.8,-68.3,44.22,100,75,2.3,Clouds,AR,2022-05-13 19:14:53
6,Hobart,-42.8794,147.3294,53.28,90,100,3.44,Clouds,AU,2022-05-13 19:10:10
7,Atuona,-9.8,-139.0333,78.12,70,68,20.11,Clouds,PF,2022-05-13 19:14:53
8,Port Augusta,-32.5,137.7667,66.69,49,100,17.52,Clouds,AU,2022-05-13 19:14:54
9,Avarua,-21.2078,-159.775,80.65,89,100,10.36,Clouds,CK,2022-05-13 19:13:13
10,Mgandu,-5.95,34.1333,66.99,71,100,6.49,Clouds,TZ,2022-05-13 19:14:54
11,Banda Aceh,5.5577,95.3222,81.41,81,100,7.81,Clouds,ID,2022-05-13 19:14:54
12,Albany,42.6001,-73.9662,84.63,54,47,1.01,Clouds,US,2022-05-13 19:14:46
13,Puerto Ayora,-0.7393,-90.3518,82.36,88,89,5.01,Clouds,EC,2022-05-13 19:12:10
14,Pacific Grove,36.6177,-121.9166,74.88,56,0,11.01,Clear,US,2022-05-13 19:14:55
15,Palmas,-10.2128,-48.3603,91.27,49,20,6.91,Clouds,BR,2022-05-13 19:14:55
16,Tuktoyaktuk,69.4541,-133.0374,32.0,93,100,14.97,Rain,CA,2022-05-13 19:14:55
17,Bull Savanna,17.8868,-77.5902,77.74,73,100,19.44,Clouds,JM,2022-05-13 19:14:56
18,Mataura,-46.1927,168.8643,52.48,98,100,3.78,Rain,NZ,2022-05-13 19:12:31
19,Rikitea,-23.1203,-134.9692,77.81,71,99,20.6,Clouds,PF,2022-05-13 19:14:56
20,Thompson,55.7435,-97.8558,44.76,53,100,21.85,Clouds,CA,2022-05-13 19:14:56
21,Tramore,52.1624,-7.1524,58.73,75,0,9.22,Clear,IE,2022-05-13 19:14:57
22,Brownfield,33.1812,-102.2744,91.94,5,0,5.88,Clear,US,2022-05-13 19:14:57
23,Buribay,51.9617,58.1592,51.78,95,100,12.59,Clouds,RU,2022-05-13 19:14:58
24,Kaitangata,-46.2817,169.8464,49.95,93,100,8.03,Rain,NZ,2022-05-13 19:14:58
25,Saldanha,-33.0117,17.9442,59.56,67,88,6.53,Clouds,ZA,2022-05-13 19:14:58
26,Bluff,-46.6,168.3333,52.81,93,100,14.03,Rain,NZ,2022-05-13 19:14:59
27,Abu Samrah,35.3029,37.1841,73.98,30,55,0.98,Clouds,SY,2022-05-13 19:14:59
28,Novoagansk,61.9449,76.6625,52.2,74,100,7.18,Clouds,RU,2022-05-13 19:14:59
29,Carnarvon,-24.8667,113.6333,65.91,61,0,20.8,Clear,AU,2022-05-13 19:15:00
30,Khani,41.9563,42.9566,49.57,60,0,5.61,Clear,GE,2022-05-13 19:15:00
31,Umm Lajj,25.0213,37.2685,84.15,58,0,6.26,Clear,SA,2022-05-13 19:15:00
32,Waitara,-38.925,174.25,59.49,76,100,13.96,Rain,NZ,2022-05-13 19:15:01
33,Saint-Philippe,-21.3585,55.7679,69.39,67,2,5.59,Clear,RE,2022-05-13 19:15:01
34,Port Alfred,-33.5906,26.891,59.18,87,34,3.0,Clouds,ZA,2022-05-13 19:12:08
35,Naze,28.3667,129.4833,70.72,95,100,7.78,Clouds,JP,2022-05-13 19:15:01
36,Cape Town,-33.9258,18.4232,60.89,86,75,5.75,Clouds,ZA,2022-05-13 19:15:02
37,Bundaberg,-24.85,152.35,69.22,99,75,4.61,Clouds,AU,2022-05-13 19:15:02
38,Arraial Do Cabo,-22.9661,-42.0278,76.86,65,40,6.91,Clouds,BR,2022-05-13 19:15:02
39,Hermanus,-34.4187,19.2345,57.79,74,100,10.36,Clouds,ZA,2022-05-13 19:15:03
40,Schladming,47.3929,13.687,57.54,100,20,4.7,Clouds,AT,2022-05-13 19:15:03
41,Abha,18.2164,42.5053,73.65,12,0,9.22,Clear,SA,2022-05-13 19:15:04
42,Guane,22.2025,-84.0875,87.3,41,20,3.15,Clouds,CU,2022-05-13 19:15:04
43,Geraldton,-28.7667,114.6,59.41,88,100,4.61,Clouds,AU,2022-05-13 19:15:04
44,Altay,47.8667,88.1167,54.7,34,0,8.66,Clear,CN,2022-05-13 19:15:05
45,Ribeira Grande,38.5167,-28.7,61.2,77,75,5.75,Clouds,PT,2022-05-13 19:15:05
46,Makushino,55.2103,67.2442,50.99,80,100,9.26,Clouds,RU,2022-05-13 19:16:05
47,Vaini,-21.2,-175.2,71.76,73,20,12.66,Clouds,TO,2022-05-13 19:16:06
48,Salalah,17.0151,54.0924,86.09,66,0,5.75,Clear,OM,2022-05-13 19:12:58
49,Ust-Ilimsk,58.0006,102.6619,47.39,52,79,2.35,Clouds,RU,2022-05-13 19:16:06
50,Creel,27.75,-107.6333,79.92,6,0,12.62,Clear,MX,2022-05-13 19:16:07
51,Colquechaca,-18.6667,-66.0167,47.73,17,2,16.96,Clear,BO,2022-05-13 19:16:07
52,Drezdenko,52.8383,15.8308,53.33,80,58,7.27,Clouds,PL,2022-05-13 19:16:07
53,Basco,20.4487,121.9702,83.5,78,91,11.95,Clouds,PH,2022-05-13 19:15:32
54,Khatanga,71.9667,102.5,19.09,90,100,6.62,Clouds,RU,2022-05-13 19:16:08
55,Pyay,18.8167,95.2167,82.76,71,5,2.84,Clear,MM,2022-05-13 19:16:08
56,Bredasdorp,-34.5322,20.0403,56.88,69,100,8.16,Clouds,ZA,2022-05-13 19:16:09
57,Mount Gambier,-37.8333,140.7667,59.38,81,100,14.03,Rain,AU,2022-05-13 19:12:59
58,Pittsfield,42.4501,-73.2454,83.98,51,40,5.99,Clouds,US,2022-05-13 19:11:14
59,Labuan,5.2767,115.2417,79.16,94,20,0.0,Clouds,MY,2022-05-13 19:16:09
60,Cherskiy,68.75,161.3,35.1,74,73,12.53,Clouds,RU,2022-05-13 19:16:09
61,Tezu,27.9167,96.1667,70.54,98,100,3.38,Clouds,IN,2022-05-13 19:16:10
62,Busselton,-33.65,115.3333,60.4,70,100,17.0,Clouds,AU,2022-05-13 19:16:10
63,Yellowknife,62.456,-114.3525,57.72,38,75,14.97,Clouds,CA,2022-05-13 19:16:10
64,Saint George,37.1041,-113.5841,80.44,13,0,5.01,Clear,US,2022-05-13 19:16:11
65,Grindavik,63.8424,-22.4338,41.47,52,75,16.11,Clouds,IS,2022-05-13 19:16:11
66,Saskylakh,71.9167,114.0833,2.79,100,80,5.12,Clouds,RU,2022-05-13 19:16:11
67,Maceio,-9.6658,-35.7353,78.24,88,75,2.3,Clouds,BR,2022-05-13 19:16:12
68,Aykhal,66.0,111.5,19.15,86,100,3.6,Clouds,RU,2022-05-13 19:16:12
69,Hilo,19.7297,-155.09,82.27,75,0,5.99,Clear,US,2022-05-13 19:13:00
70,Shalinskoye,55.7228,93.7594,50.74,41,61,4.05,Clouds,RU,2022-05-13 19:16:13
71,Sao Filipe,14.8961,-24.4956,75.7,68,5,8.97,Clear,CV,2022-05-13 19:16:13
72,Los Arabos,22.7281,-80.7214,88.12,42,96,11.21,Clouds,CU,2022-05-13 19:16:10
73,Suoyarvi,62.0833,32.35,45.75,91,100,6.51,Clouds,RU,2022-05-13 19:16:13
74,Katsuura,35.1333,140.3,69.82,95,100,23.69,Rain,JP,2022-05-13 19:16:14
75,Ippy,6.2679,21.2247,78.91,65,99,2.66,Clouds,CF,2022-05-13 19:16:14
76,Hualmay,-11.0964,-77.6139,69.31,74,14,10.8,Clouds,PE,2022-05-13 19:16:14
77,Pisco,-13.7,-76.2167,69.85,73,9,4.61,Smoke,PE,2022-05-13 19:16:15
78,Kysyl-Syr,63.8986,122.7617,26.22,82,92,11.63,Clouds,RU,2022-05-13 19:16:15
79,Nelson Bay,-32.7167,152.15,67.1,98,29,1.01,Clouds,AU,2022-05-13 19:16:15
80,Ikwiriri,-7.9562,38.9716,70.84,90,98,3.49,Clouds,TZ,2022-05-13 19:16:16
81,Itaueira,-7.6033,-43.0256,95.77,30,76,7.63,Clouds,BR,2022-05-13 19:16:16
82,Neuquen,-38.9516,-68.0591,57.09,26,0,14.97,Clear,AR,2022-05-13 19:16:17
83,Hithadhoo,-0.6,73.0833,82.74,71,100,3.96,Clouds,MV,2022-05-13 19:16:17
84,Grand Gaube,-20.0064,57.6608,73.8,77,29,1.99,Clouds,MU,2022-05-13 19:15:29
85,Ngama,11.7833,17.1667,86.94,45,100,18.86,Rain,TD,2022-05-13 19:16:17
86,Yar-Sale,66.8333,70.8333,36.91,91,100,9.28,Clouds,RU,2022-05-13 19:16:18
87,Punta Arenas,-53.15,-70.9167,46.51,61,20,10.36,Clouds,CL,2022-05-13 19:12:04
88,Ambilobe,-13.2,49.05,72.0,86,0,3.96,Clear,MG,2022-05-13 19:16:18
89,Domoni,-12.2569,44.5319,77.86,77,31,5.39,Clouds,KM,2022-05-13 19:16:19
90,Kambove,-10.8764,26.5969,63.72,63,72,4.16,Clouds,CD,2022-05-13 19:17:19
91,Mazamari,-11.3258,-74.5308,87.4,46,32,2.39,Clouds,PE,2022-05-13 19:17:19
92,Faanui,-16.4833,-151.75,81.54,70,12,17.07,Clouds,PF,2022-05-13 19:12:46
93,Sola,-13.8833,167.55,80.28,76,99,23.13,Rain,VU,2022-05-13 19:15:53
94,Kruisfontein,-34.0033,24.7314,61.88,75,87,15.52,Clouds,ZA,2022-05-13 19:17:20
95,Lavrentiya,65.5833,-171.0,25.38,77,4,3.15,Clear,RU,2022-05-13 19:17:20
96,Ancud,-41.8697,-73.8203,51.19,68,100,5.88,Clouds,CL,2022-05-13 19:16:29
97,Montepuez,-13.1256,38.9997,70.74,59,100,4.74,Clouds,MZ,2022-05-13 19:17:21
98,Talnakh,69.4865,88.3972,40.21,99,100,7.07,Clouds,RU,2022-05-13 19:17:21
99,Bilibino,68.0546,166.4372,22.98,86,100,2.8,Clouds,RU,2022-05-13 19:17:21
100,Hobyo,5.3505,48.5268,81.9,81,98,28.19,Clouds,SO,2022-05-13 19:17:22
101,Marawi,7.9986,124.2928,70.41,90,100,2.37,Clouds,PH,2022-05-13 19:17:22
102,Bethel,41.3712,-73.414,82.18,69,75,10.36,Clouds,US,2022-05-13 19:17:22
103,Verkhnevilyuysk,63.4453,120.3167,25.84,83,14,8.77,Clouds,RU,2022-05-13 19:17:23
104,Kahului,20.8947,-156.47,82.42,44,20,10.0,Clouds,US,2022-05-13 19:17:23
105,Barrow,71.2906,-156.7887,17.62,86,100,13.8,Snow,US,2022-05-13 19:17:23
106,Hrodna,53.6884,23.8258,50.04,86,79,4.7,Clouds,BY,2022-05-13 19:13:45
107,Kavaratti,10.5669,72.642,84.56,76,84,14.5,Rain,IN,2022-05-13 19:15:14
108,Husavik,66.0449,-17.3389,32.14,88,100,7.99,Snow,IS,2022-05-13 19:17:24
109,Cidreira,-30.1811,-50.2056,65.37,66,22,5.3,Clouds,BR,2022-05-13 19:17:24
110,Port Lincoln,-34.7333,135.8667,64.4,75,98,19.53,Clouds,AU,2022-05-13 19:17:25
111,Port Elizabeth,-33.918,25.5701,64.09,75,0,12.66,Clear,ZA,2022-05-13 19:17:25
112,Adrar,20.5022,-10.0711,95.97,8,7,8.95,Clear,MR,2022-05-13 19:17:25
113,Te Anau,-45.4167,167.7167,52.02,97,100,4.38,Rain,NZ,2022-05-13 19:15:14
114,Victoria,22.2855,114.1577,77.95,96,99,4.0,Rain,HK,2022-05-13 19:17:01
115,Dunedin,-45.8742,170.5036,50.81,82,100,6.89,Rain,NZ,2022-05-13 19:12:48
116,Broken Hill,-31.95,141.4333,59.25,70,100,9.26,Clouds,AU,2022-05-13 19:17:26
117,Qaanaaq,77.484,-69.3632,19.58,73,72,0.92,Clouds,GL,2022-05-13 19:17:26
118,Sitka,57.0531,-135.33,48.09,71,20,3.44,Clouds,US,2022-05-13 19:17:27
119,Nikolskoye,59.7035,30.7861,51.71,67,65,11.07,Clouds,RU,2022-05-13 19:12:57
120,Butaritari,3.0707,172.7902,80.4,74,100,10.27,Clouds,KI,2022-05-13 19:17:27
121,Berlevag,70.8578,29.0864,35.55,75,40,13.8,Clouds,NO,2022-05-13 19:17:27
122,Benguela,-12.5763,13.4055,74.7,86,5,5.59,Clear,AO,2022-05-13 19:17:28
123,Erie,42.7667,-78.6664,85.01,48,80,3.0,Clouds,US,2022-05-13 19:17:28
124,Alofi,-19.0595,-169.9187,75.09,64,100,9.22,Clouds,NU,2022-05-13 19:17:28
125,Palana,59.1167,159.9667,36.03,86,100,5.03,Clouds,RU,2022-05-13 19:17:29
126,Nerchinskiy Zavod,51.3088,119.61,31.86,94,75,3.06,Clouds,RU,2022-05-13 19:17:29
127,Pangai,-19.8,-174.35,75.31,60,20,6.91,Clouds,TO,2022-05-13 19:17:29
128,Melbu,68.5044,14.8297,42.62,87,100,12.66,Rain,NO,2022-05-13 19:17:30
129,Castro,-24.7911,-50.0119,70.59,54,0,0.87,Clear,BR,2022-05-13 19:17:30
130,Hasaki,35.7333,140.8333,70.29,90,100,27.89,Clouds,JP,2022-05-13 19:17:30
131,Vredendal,-31.6683,18.5012,53.8,87,5,6.35,Clear,ZA,2022-05-13 19:17:31
132,Tsalka,41.5946,44.0891,42.64,88,3,4.23,Clear,GE,2022-05-13 19:17:31
133,Mount Isa,-20.7333,139.5,53.37,100,0,0.0,Clear,AU,2022-05-13 19:17:31
134,Muros,42.7762,-9.0603,72.68,68,100,3.24,Clouds,ES,2022-05-13 19:17:32
135,Dzaoudzi,-12.7887,45.2699,80.49,78,0,8.05,Clear,YT,2022-05-13 19:17:32
136,Ourossogui,15.6064,-13.3211,101.3,10,83,5.97,Clouds,SN,2022-05-13 19:18:33
137,Haimen,23.1935,116.6142,73.29,98,100,3.33,Rain,CN,2022-05-13 19:18:33
138,Linxia,35.6003,103.2064,39.43,96,100,3.65,Rain,CN,2022-05-13 19:18:34
139,Madang,-5.2246,145.7966,76.06,91,59,3.22,Clouds,PG,2022-05-13 19:18:34
140,Tateyama,34.9833,139.8667,70.11,88,75,14.97,Clouds,JP,2022-05-13 19:18:34
141,Khromtau,50.2503,58.4347,52.57,88,100,20.71,Rain,KZ,2022-05-13 19:18:35
142,Porto Novo,6.4965,2.6036,85.82,81,92,8.48,Clouds,BJ,2022-05-13 19:18:35
143,Birin,26.8865,88.0718,62.78,90,97,4.14,Clouds,NP,2022-05-13 19:18:35
144,Mindelo,16.8901,-24.9804,78.35,53,0,32.21,Clear,CV,2022-05-13 19:18:36
145,Faya,18.3851,42.4509,73.92,19,2,13.98,Clear,SA,2022-05-13 19:18:36
146,Kodiak,57.79,-152.4072,49.51,37,0,23.02,Clear,US,2022-05-13 19:18:36
147,Chuy,-33.6971,-53.4616,64.17,56,89,6.13,Clouds,UY,2022-05-13 19:18:37
148,Atar,20.5169,-13.0499,103.12,9,14,11.05,Clouds,MR,2022-05-13 19:18:37
149,Bereda,43.2686,-7.5406,63.41,82,75,4.74,Clouds,ES,2022-05-13 19:18:37
150,Constitucion,-35.3333,-72.4167,60.55,58,85,13.2,Clouds,CL,2022-05-13 19:18:38
151,East London,-33.0153,27.9116,62.94,76,50,7.72,Clouds,ZA,2022-05-13 19:18:38
152,Bengkulu,-3.8004,102.2655,77.7,88,29,3.8,Clouds,ID,2022-05-13 19:18:38
153,Plettenberg Bay,-34.0527,23.3716,60.58,75,100,9.44,Clouds,ZA,2022-05-13 19:18:39
154,Cayenne,4.9333,-52.3333,84.24,9,75,12.66,Clouds,GF,2022-05-13 19:18:39
155,North Branch,45.5113,-92.9802,75.18,51,100,11.99,Clouds,US,2022-05-13 19:18:02
156,Bambous Virieux,-20.3428,57.7575,73.65,73,40,4.61,Clouds,MU,2022-05-13 19:17:23
157,Severo-Kurilsk,50.6789,156.125,38.59,97,100,14.83,Clouds,RU,2022-05-13 19:18:40
158,Batticaloa,7.7102,81.6924,82.76,71,100,6.29,Clouds,LK,2022-05-13 19:18:40
159,Tecoanapa,16.5167,-98.75,90.39,52,100,13.11,Clouds,MX,2022-05-13 19:18:40
160,Uray,60.1247,64.7758,56.86,52,100,11.63,Clouds,RU,2022-05-13 19:18:41
161,Imbituba,-28.24,-48.6703,69.85,80,50,3.51,Clouds,BR,2022-05-13 19:18:41
162,Fukue,32.6881,128.8419,65.43,77,100,19.13,Rain,JP,2022-05-13 19:13:51
163,Comodoro Rivadavia,-45.8667,-67.5,57.06,41,20,18.41,Clouds,AR,2022-05-13 19:18:41
164,Provideniya,64.3833,-173.3,36.57,58,1,4.25,Clear,RU,2022-05-13 19:18:42
165,Namibe,-15.1961,12.1522,72.64,77,0,3.18,Clear,AO,2022-05-13 19:18:42
166,Nome,64.5011,-165.4064,32.16,55,0,8.05,Clear,US,2022-05-13 19:17:10
167,Kaffrine,14.1059,-15.5508,96.67,23,94,11.18,Clouds,SN,2022-05-13 19:18:42
168,Lonar,19.9833,76.5333,90.91,34,7,8.3,Clear,IN,2022-05-13 19:18:43
169,Coihaique,-45.5752,-72.0662,43.41,82,96,9.06,Clouds,CL,2022-05-13 19:14:43
170,Lishu,43.3047,124.3278,41.29,80,28,10.71,Clouds,CN,2022-05-13 19:18:43
171,Lebu,-37.6167,-73.65,54.23,62,30,17.29,Clouds,CL,2022-05-13 19:18:43
172,Goderich,43.7501,-81.7165,75.52,60,10,6.91,Clear,CA,2022-05-13 19:18:44
173,Tupancireta,-29.0806,-53.8358,64.38,73,100,6.2,Clouds,BR,2022-05-13 19:18:44
174,Esperance,-33.8667,121.9,57.24,62,63,22.41,Clouds,AU,2022-05-13 19:18:44
175,Sao Francisco Do Sul,-26.2433,-48.6381,70.03,73,75,9.22,Clouds,BR,2022-05-13 19:18:45
176,Touros,-5.1989,-35.4608,81.86,77,85,12.55,Rain,BR,2022-05-13 19:17:17
177,Tapes,-30.6733,-51.3958,64.08,68,43,4.32,Clouds,BR,2022-05-13 19:18:45
178,Saint-Louis,16.3333,-15.0,103.35,8,100,10.16,Clouds,SN,2022-05-13 19:18:46
179,Sabang,5.8933,95.3214,83.37,78,100,12.12,Clouds,ID,2022-05-13 19:18:46
180,Torbay,47.6666,-52.7314,50.76,71,100,4.0,Clouds,CA,2022-05-13 19:15:10
181,La Paz,-16.5,-68.15,64.38,18,20,13.8,Clouds,BO,2022-05-13 19:14:49
182,Bandrele,-12.9067,45.1914,80.35,78,0,8.05,Clear,YT,2022-05-13 19:19:46
183,Taikang,46.8333,124.4167,42.82,49,22,8.95,Clouds,CN,2022-05-13 19:19:47
184,Upernavik,72.7868,-56.1549,20.21,74,23,0.18,Clouds,GL,2022-05-13 19:19:47
185,Coquimbo,-29.9533,-71.3436,60.53,72,40,12.66,Clouds,CL,2022-05-13 19:19:47
186,Atambua,-9.1061,124.8925,72.95,89,66,3.24,Clouds,ID,2022-05-13 19:19:48
187,Moindou,-21.6924,165.677,71.28,69,100,6.91,Clouds,NC,2022-05-13 19:19:48
188,Vestmannaeyjar,63.4427,-20.2734,45.59,45,20,9.22,Clouds,IS,2022-05-13 19:19:48
189,Vila,42.0304,-8.1588,66.7,41,96,2.3,Clouds,PT,2022-05-13 19:19:49
190,San Joaquin,37.9333,-121.3011,77.85,31,0,11.5,Clear,US,2022-05-13 19:19:49
191,Gigmoto,13.7796,124.39,80.62,85,100,9.91,Clouds,PH,2022-05-13 19:19:49
192,Mar Del Plata,-38.0023,-57.5575,57.94,84,100,8.01,Clouds,AR,2022-05-13 19:19:50
193,Karimpur,23.9667,88.6167,82.62,80,13,15.21,Clouds,IN,2022-05-13 19:19:50
194,Ketchikan,55.3422,-131.6461,46.87,81,100,16.11,Clouds,US,2022-05-13 19:19:11
195,Kiruna,67.8557,20.2251,45.52,53,0,3.44,Clear,SE,2022-05-13 19:19:50
196,Champerico,14.3,-91.9167,93.74,61,6,8.86,Clear,GT,2022-05-13 19:15:07
197,New Norfolk,-42.7826,147.0587,52.92,85,100,2.35,Rain,AU,2022-05-13 19:19:51
198,Half Moon Bay,37.4636,-122.4286,77.54,68,0,17.27,Clear,US,2022-05-13 19:18:42
199,Vila Franca Do Campo,37.7167,-25.4333,63.01,85,100,8.28,Rain,PT,2022-05-13 19:19:51
200,Maniitsoq,65.4167,-52.9,27.79,69,67,14.16,Clouds,GL,2022-05-13 19:19:51
201,Conceicao Da Barra,-18.5933,-39.7322,78.24,72,57,9.71,Clouds,BR,2022-05-13 19:19:52
202,Waingapu,-9.6567,120.2641,76.93,86,79,4.52,Clouds,ID,2022-05-13 19:19:52
203,Russellville,35.2784,-93.1338,93.97,54,0,0.0,Clear,US,2022-05-13 19:19:53
204,Puksoozero,62.5903,40.6066,42.35,95,100,5.53,Clouds,RU,2022-05-13 19:19:53
205,Port Hardy,50.6996,-127.4199,48.38,66,100,13.8,Rain,CA,2022-05-13 19:19:53
206,Kitimat,54.0524,-128.6534,52.92,55,50,1.01,Clouds,CA,2022-05-13 19:19:54
207,The Valley,18.217,-63.0578,82.54,78,20,16.11,Clouds,AI,2022-05-13 19:19:54
208,Mecca,21.4267,39.8261,90.75,37,0,1.9,Clear,SA,2022-05-13 19:15:26
209,Mehamn,71.0357,27.8492,35.51,82,100,18.81,Clouds,NO,2022-05-13 19:19:54
210,Bosaso,11.2842,49.1816,89.78,29,66,9.24,Clouds,SO,2022-05-13 19:19:55
211,Itarema,-2.9248,-39.9167,78.48,85,100,10.85,Rain,BR,2022-05-13 19:19:55
212,Alexandria,31.2156,29.9553,69.46,70,100,13.04,Clouds,EG,2022-05-13 19:19:55
213,Acapulco,16.8634,-99.8901,91.22,62,100,10.36,Clouds,MX,2022-05-13 19:19:41
214,Preobrazheniye,42.9019,133.9064,46.0,96,100,1.45,Rain,RU,2022-05-13 19:19:56
215,Da Lat,11.9465,108.4419,61.74,97,100,0.92,Clouds,VN,2022-05-13 19:19:56
216,Ponta Do Sol,32.6667,-17.1,72.01,81,2,3.33,Clear,PT,2022-05-13 19:19:56
217,Dikson,73.5069,80.5464,32.72,99,100,11.21,Clouds,RU,2022-05-13 19:19:57
218,Sandpoint,48.2766,-116.5533,48.78,54,100,11.5,Clouds,US,2022-05-13 19:19:57
219,Bethanien,-26.502,17.1583,60.71,17,100,6.04,Clouds,NA,2022-05-13 19:18:37
220,Tiksi,71.6872,128.8694,13.69,90,43,11.88,Clouds,RU,2022-05-13 19:19:58
221,Mae Sai,20.4335,99.8762,73.85,90,0,1.14,Clear,TH,2022-05-13 19:19:58
222,Niquero,20.0431,-77.5828,83.8,60,100,10.71,Clouds,CU,2022-05-13 19:19:58
223,Colimes,-1.55,-80.0167,81.0,79,86,3.2,Clouds,EC,2022-05-13 19:16:14
224,Dicabisagan,17.0818,122.4157,79.9,87,60,8.9,Clouds,PH,2022-05-13 19:18:55
225,Caravelas,-17.7125,-39.2481,79.02,70,3,7.94,Clear,BR,2022-05-13 19:20:59
226,Yenagoa,4.9247,6.2642,78.69,88,38,5.88,Clouds,NG,2022-05-13 19:20:59
227,Seoul,37.5683,126.9778,53.17,58,0,5.75,Clear,KR,2022-05-13 19:18:18
228,Saint-Michel-Des-Saints,46.6834,-73.9159,86.94,34,46,11.88,Clouds,CA,2022-05-13 19:20:59
229,Broome,42.2506,-75.833,82.2,57,17,5.99,Clouds,US,2022-05-13 19:21:00
230,Catalao,-18.1658,-47.9464,81.86,39,91,3.44,Clouds,BR,2022-05-13 19:21:00
231,Avera,33.194,-82.5271,78.85,64,100,10.29,Rain,US,2022-05-13 19:16:24
232,Maun,-19.9833,23.4167,64.36,45,0,2.3,Clear,BW,2022-05-13 19:21:01
233,Igrim,63.1906,64.4162,51.44,63,93,4.97,Clouds,RU,2022-05-13 19:21:01
234,Jackson,42.4165,-122.8345,63.91,61,100,1.99,Clouds,US,2022-05-13 19:21:01
235,Lima,-12.0432,-77.0282,61.05,82,100,12.66,Clouds,PE,2022-05-13 19:16:55
236,Zarya,55.7553,38.0958,50.52,68,14,10.83,Clouds,RU,2022-05-13 19:21:02
237,Luderitz,-26.6481,15.1594,57.38,67,89,13.91,Clouds,NA,2022-05-13 19:21:02
238,Itaituba,-4.2761,-55.9836,89.76,66,20,5.75,Clouds,BR,2022-05-13 19:19:28
239,Sann,26.0418,68.1378,91.31,11,0,10.78,Clear,PK,2022-05-13 19:21:02
240,Koslan,63.4564,48.8989,47.08,85,66,5.08,Clouds,RU,2022-05-13 19:21:03
241,Georgetown,5.4112,100.3354,83.95,92,20,3.44,Clouds,MY,2022-05-13 19:20:24
242,Flinders,-34.5833,150.8552,62.38,92,5,3.0,Clear,AU,2022-05-13 19:21:03
243,Rizhao,35.4275,119.4553,52.56,83,99,4.94,Clouds,CN,2022-05-13 19:21:04
244,Dorogino,54.3598,83.3198,57.83,39,38,1.41,Clouds,RU,2022-05-13 19:21:04
245,Poum,-20.2333,164.0167,76.5,74,100,26.49,Clouds,NC,2022-05-13 19:21:04
246,Sinnamary,5.3833,-52.95,82.13,76,29,11.48,Clouds,GF,2022-05-13 19:21:05
247,Meulaboh,4.1363,96.1285,78.19,88,69,3.83,Clouds,ID,2022-05-13 19:21:05
248,Ola,59.5833,151.2833,35.15,99,100,7.83,Snow,RU,2022-05-13 19:21:05
249,Fortuna,40.5982,-124.1573,60.1,89,100,10.36,Clouds,US,2022-05-13 19:18:37
250,San Juan,-31.5375,-68.5364,68.05,50,35,18.21,Clouds,AR,2022-05-13 19:16:33
251,Ahipara,-35.1667,173.1667,52.84,83,58,1.07,Clouds,NZ,2022-05-13 19:17:33
252,Ouro Preto Do Oeste,-10.7481,-62.2158,87.21,59,96,0.76,Clouds,BR,2022-05-13 19:21:06
253,Vaitape,-16.5167,-151.75,81.57,70,11,17.09,Clouds,PF,2022-05-13 19:21:06
254,Mayo,38.8876,-76.5119,74.1,86,100,9.22,Clouds,US,2022-05-13 19:21:07
255,Kazachinskoye,57.6953,93.2761,50.86,50,29,3.0,Clouds,RU,2022-05-13 19:21:07
256,Bullhead City,35.1478,-114.5683,95.59,7,0,24.16,Clear,US,2022-05-13 19:17:55
257,Sungaipenuh,-2.0833,101.3833,64.96,95,30,1.97,Clouds,ID,2022-05-13 19:21:07
258,Asau,46.4333,26.4,62.96,90,100,1.19,Rain,RO,2022-05-13 19:21:08
259,Tommot,58.9564,126.2925,37.53,98,100,5.12,Clouds,RU,2022-05-13 19:21:10
260,Longyearbyen,78.2186,15.6401,22.84,58,0,13.8,Clear,SJ,2022-05-13 19:21:11
261,Mnogovershinnyy,53.9353,139.9242,30.87,96,79,0.96,Clouds,RU,2022-05-13 19:21:11
262,Miraflores,19.2167,-98.8083,78.03,17,100,4.54,Clouds,MX,2022-05-13 19:21:11
263,Wattegama,6.7989,81.4808,77.49,83,72,9.42,Clouds,LK,2022-05-13 19:21:12
264,Taltal,-25.4,-70.4833,64.38,68,23,5.77,Clouds,CL,2022-05-13 19:21:12
265,Las Palmas,28.4204,-14.0131,66.99,78,0,4.61,Clear,ES,2022-05-13 19:21:12
266,Conde,-7.2597,-34.9075,78.26,94,75,5.75,Clouds,BR,2022-05-13 19:21:13
267,Sao Joao Da Barra,-21.6403,-41.0511,78.89,71,97,12.15,Clouds,BR,2022-05-13 19:21:13
268,Belmonte,-15.8631,-38.8828,79.39,74,17,7.29,Clouds,BR,2022-05-13 19:22:13
269,Ginda,30.6945,78.4932,64.09,47,0,6.71,Clear,IN,2022-05-13 19:22:14
270,Melfort,52.8667,-104.6177,45.55,80,100,26.24,Rain,CA,2022-05-13 19:22:14
271,Kita,13.0349,-9.4895,99.37,17,70,7.11,Clouds,ML,2022-05-13 19:22:15
272,Khasan,42.4308,130.6434,45.41,68,100,3.02,Clouds,RU,2022-05-13 19:18:40
273,La Ronge,55.1001,-105.2842,46.62,49,100,11.5,Clouds,CA,2022-05-13 19:22:15
274,Chokurdakh,70.6333,147.9167,13.68,92,100,5.37,Clouds,RU,2022-05-13 19:22:15
275,Kavieng,-2.5744,150.7967,81.39,75,55,10.13,Clouds,PG,2022-05-13 19:22:16
276,Galle,6.0367,80.217,80.15,86,100,15.32,Rain,LK,2022-05-13 19:22:16
277,Conceicao Do Araguaia,-8.2578,-49.2647,84.52,67,100,4.83,Clouds,BR,2022-05-13 19:22:16
278,Scottsbluff,41.8666,-103.6672,68.77,20,0,23.02,Clear,US,2022-05-13 19:20:57
279,Amarante,-6.2411,-42.8547,85.53,65,100,4.29,Clouds,BR,2022-05-13 19:22:17
280,Aranda De Duero,41.6704,-3.6892,68.18,52,17,5.37,Clouds,ES,2022-05-13 19:22:17
281,Narsaq,60.9167,-46.05,39.42,79,86,5.68,Clouds,GL,2022-05-13 19:22:18
282,Fort Nelson,58.8053,-122.7002,47.79,76,75,5.75,Rain,CA,2022-05-13 19:19:04
283,Laguna,38.421,-121.4238,78.08,35,0,8.05,Clear,US,2022-05-13 19:22:18
284,Acarau,-2.8856,-40.12,78.91,85,100,12.03,Clouds,BR,2022-05-13 19:22:18
285,Wangqing,43.3218,129.7634,39.81,60,100,0.67,Clouds,CN,2022-05-13 19:22:19
286,Sorland,67.667,12.6934,44.46,89,100,18.84,Rain,NO,2022-05-13 19:22:16
287,Westbrook,43.677,-70.3712,89.85,71,0,18.41,Clear,US,2022-05-13 19:22:19
288,Los Llanos De Aridane,28.6585,-17.9182,66.13,88,100,2.3,Clouds,ES,2022-05-13 19:18:00
289,Tasiilaq,65.6145,-37.6368,30.36,56,70,2.64,Clouds,GL,2022-05-13 19:22:20
290,Tsiroanomandidy,-18.7667,46.0333,62.96,65,8,0.76,Clear,MG,2022-05-13 19:22:20
291,Leshukonskoye,64.8989,45.7622,47.41,81,100,4.92,Clouds,RU,2022-05-13 19:22:20
292,Bonavista,48.6499,-53.1147,39.45,73,96,13.15,Clouds,CA,2022-05-13 19:22:21
293,Camargo,27.6667,-105.1667,92.91,10,0,9.69,Clear,MX,2022-05-13 19:19:52
294,Hervey Bay,-25.2986,152.8535,70.02,96,90,14.0,Clouds,AU,2022-05-13 19:20:36
295,Vao,-22.6667,167.4833,73.0,64,100,20.51,Clouds,NC,2022-05-13 19:22:21
296,Pathein,16.7833,94.7333,80.69,85,8,4.79,Clear,MM,2022-05-13 19:22:22
297,Shahr-E Kord,32.3256,50.8644,47.97,27,0,6.91,Clear,IR,2022-05-13 19:22:22
298,Petapa,14.5028,-90.5517,84.25,41,20,11.5,Clouds,GT,2022-05-13 19:22:22
299,Hambantota,6.1241,81.1185,79.66,87,95,16.78,Clouds,LK,2022-05-13 19:22:23
300,Young,-32.6833,-57.6333,64.56,55,100,4.25,Clouds,UY,2022-05-13 19:22:23
301,Jalu,29.0331,21.5482,75.74,41,54,16.96,Clouds,LY,2022-05-13 19:22:24
302,Limon,10.0,-83.0333,84.09,74,75,19.57,Clouds,CR,2022-05-13 19:22:24
303,Ariquemes,-9.9133,-63.0408,86.99,58,84,1.34,Clouds,BR,2022-05-13 19:22:24
304,Malanje,-9.5402,16.341,71.96,62,92,2.93,Clouds,AO,2022-05-13 19:22:25
305,Mardin,37.3131,40.7436,57.87,45,0,4.92,Clear,TR,2022-05-13 19:22:25
306,Garowe,8.4054,48.4845,90.84,27,100,9.46,Clouds,SO,2022-05-13 19:22:25
307,Boffa,10.1667,-14.0333,82.51,79,18,5.41,Rain,GN,2022-05-13 19:22:26
308,Chapais,49.7834,-74.8492,74.98,67,99,7.65,Clouds,CA,2022-05-13 19:22:26
309,Gunjur,13.2019,-16.7339,78.87,73,0,8.05,Clear,GM,2022-05-13 19:22:26
310,Sroda Wielkopolska,52.2284,17.2762,58.98,77,92,7.38,Clouds,PL,2022-05-13 19:22:27
311,Sonaguera,15.6333,-86.3333,87.67,39,26,6.49,Clouds,HN,2022-05-13 19:22:27
312,Beringovskiy,63.05,179.3167,36.07,82,100,4.34,Clouds,RU,2022-05-13 19:22:27
313,Nikopol,47.5712,34.3964,63.12,78,100,3.8,Clouds,UA,2022-05-13 19:22:28
314,Artyom,40.4723,50.333,64.54,69,0,15.55,Clear,AZ,2022-05-13 19:23:28
315,Timra,62.487,17.3257,49.68,62,100,6.91,Clouds,SE,2022-05-13 19:23:28
316,Margate,51.3813,1.3862,58.69,71,100,5.01,Clouds,GB,2022-05-13 19:23:29
317,Majene,-3.5403,118.9707,78.37,89,100,3.98,Clouds,ID,2022-05-13 19:23:29
318,Sembe,1.6481,14.5806,76.19,80,38,3.13,Clouds,CG,2022-05-13 19:23:30
319,Pitimbu,-7.4706,-34.8086,79.39,72,21,9.93,Rain,BR,2022-05-13 19:23:30
320,Ulaanbaatar,47.9077,106.8832,24.93,80,0,4.47,Clear,MN,2022-05-13 19:20:00
321,Saint-Georges,12.0564,-61.7485,80.28,78,75,19.57,Clouds,GD,2022-05-13 19:23:30
322,Vieste,41.8825,16.175,67.32,61,11,8.59,Clouds,IT,2022-05-13 19:23:31
323,Isangel,-19.55,169.2667,72.97,65,100,14.2,Clouds,VU,2022-05-13 19:23:31
324,Beyneu,45.3167,55.2,62.26,53,100,9.44,Clouds,KZ,2022-05-13 19:23:31
325,Valle Hermoso,25.6667,-97.8333,89.92,44,0,18.45,Clear,MX,2022-05-13 19:23:32
326,Shimoda,34.6667,138.95,68.11,96,100,21.9,Rain,JP,2022-05-13 19:23:32
327,Ardino,41.5833,25.1333,56.64,80,9,4.76,Clear,BG,2022-05-13 19:23:32
328,Halifax,44.6453,-63.5724,69.53,77,56,13.8,Clouds,CA,2022-05-13 19:19:57
329,Port Townsend,48.117,-122.7605,55.38,70,0,9.22,Clear,US,2022-05-13 19:21:55
330,Hay River,60.8156,-115.7999,46.38,61,75,8.05,Clouds,CA,2022-05-13 19:23:33
331,Registro,-24.4875,-47.8436,70.25,71,99,4.63,Clouds,BR,2022-05-13 19:23:33
332,Yerbogachen,61.2767,108.0108,39.36,96,92,3.76,Clouds,RU,2022-05-13 19:23:33
333,Zhigansk,66.7697,123.3711,18.95,85,15,10.76,Clouds,RU,2022-05-13 19:23:34
334,Ilek,51.5271,53.3831,51.22,96,31,7.4,Rain,RU,2022-05-13 19:23:34
335,Erenhot,43.6475,111.9767,46.96,36,7,6.73,Clear,CN,2022-05-13 19:23:34
336,Lazaro Cardenas,17.9583,-102.2,88.74,51,100,12.21,Clouds,MX,2022-05-13 19:23:35
337,Yulara,-25.2406,130.9889,64.94,50,100,7.0,Clouds,AU,2022-05-13 19:23:35
338,Codrington,-38.2667,141.9667,61.63,74,100,17.45,Rain,AU,2022-05-13 19:23:36
339,Norman Wells,65.282,-126.8329,62.64,23,75,5.75,Clouds,CA,2022-05-13 19:23:36
340,Leningradskiy,69.3833,178.4167,25.77,78,1,5.48,Clear,RU,2022-05-13 19:23:36
341,Vanimo,-2.6741,141.3028,77.43,89,40,3.8,Clouds,PG,2022-05-13 19:23:37
342,Praya,14.9215,-23.5087,81.14,41,0,27.63,Clear,CV,2022-05-13 19:23:37
343,Turayf,31.6725,38.6637,73.65,27,0,9.22,Clear,SA,2022-05-13 19:23:37
344,Souillac,-20.5167,57.5167,73.78,73,40,4.61,Clouds,MU,2022-05-13 19:23:38
345,Ulladulla,-35.35,150.4667,63.77,92,13,4.27,Clouds,AU,2022-05-13 19:23:38
346,Aklavik,68.2191,-135.0107,33.8,75,100,16.11,Snow,CA,2022-05-13 19:23:38
347,Karratha,-20.7377,116.8463,74.3,68,0,8.81,Clear,AU,2022-05-13 19:23:39
348,Mahebourg,-20.4081,57.7,73.69,73,40,4.61,Clouds,MU,2022-05-13 19:23:39
349,Trairi,-3.2778,-39.2689,78.33,89,100,9.28,Rain,BR,2022-05-13 19:19:37
350,Otaru,43.1894,141.0022,55.02,96,100,7.94,Rain,JP,2022-05-13 19:23:39
351,Visby,57.6409,18.296,50.22,71,100,10.36,Clouds,SE,2022-05-13 19:23:40
352,Camacha,33.0833,-16.3333,63.82,77,40,5.75,Clouds,PT,2022-05-13 19:23:40
353,Tombouctou,20.0,-3.0,94.48,8,5,16.62,Clear,ML,2022-05-13 19:23:42
354,Areia Branca,-4.9561,-37.1369,84.4,81,100,20.94,Clouds,BR,2022-05-13 19:23:43
355,Breves,-1.6822,-50.4803,80.64,93,92,4.0,Clouds,BR,2022-05-13 19:23:43
356,Callaway,30.153,-85.5699,82.45,80,100,18.41,Thunderstorm,US,2022-05-13 19:23:43
357,Sabzevar,36.2126,57.6819,60.08,48,40,13.8,Clouds,IR,2022-05-13 19:24:44
358,Mercedes,-34.6515,-59.4307,67.03,50,100,4.9,Clouds,AR,2022-05-13 19:20:28
359,Sarab,38.6066,44.9883,53.78,63,0,1.83,Clear,IR,2022-05-13 19:24:44
360,Kincardine,56.0667,-3.7167,55.18,80,100,12.93,Clouds,GB,2022-05-13 19:24:44
361,Valparaiso,-33.0393,-71.6273,70.03,65,0,10.36,Clear,CL,2022-05-13 19:24:45
362,Seminole,28.7086,-81.2081,89.28,53,40,5.75,Clouds,US,2022-05-13 19:24:45
363,Fairbanks,64.8378,-147.7164,43.21,82,75,6.91,Clouds,US,2022-05-13 19:24:20
364,Mae Sot,16.7167,98.5667,74.35,96,94,1.86,Clouds,TH,2022-05-13 19:24:45
365,Novo Aripuana,-5.1206,-60.3797,83.19,77,100,2.82,Clouds,BR,2022-05-13 19:24:46
366,Alugan,12.2188,125.4808,80.01,85,100,7.65,Clouds,PH,2022-05-13 19:24:47
367,Lagoa,39.05,-27.9833,60.22,73,100,4.63,Clouds,PT,2022-05-13 19:23:10
368,Zyryanka,65.75,150.85,36.57,75,74,8.5,Clouds,RU,2022-05-13 19:24:47
369,Aksu,41.1231,80.2644,62.46,50,100,6.2,Clouds,CN,2022-05-13 19:24:48
370,Zambezi,-13.5432,23.1047,65.57,56,16,5.3,Clouds,ZM,2022-05-13 19:24:48
371,Steamboat Springs,40.485,-106.8317,61.93,31,0,13.8,Clear,US,2022-05-13 19:23:45
372,Saint-Augustin,51.226,-58.6502,53.89,40,100,12.84,Clouds,CA,2022-05-13 19:24:48
373,Oleksandrivka,48.9634,32.2349,58.69,69,100,4.81,Clouds,UA,2022-05-13 19:24:49
374,Alghero,40.5589,8.3181,66.99,63,0,4.61,Clear,IT,2022-05-13 19:24:49
375,Culfa,38.9558,45.6308,55.27,62,0,3.53,Clear,AZ,2022-05-13 19:24:50
376,Marfino,55.7028,37.3822,51.35,61,14,10.65,Clouds,RU,2022-05-13 19:24:50
377,Ocos,14.5094,-92.1933,91.58,63,8,7.74,Clear,GT,2022-05-13 19:24:50
378,Saint-Pierre,-21.3393,55.4781,69.91,64,0,6.91,Clear,RE,2022-05-13 19:24:51
379,Kawalu,-7.3817,108.2082,74.64,97,100,0.94,Clouds,ID,2022-05-13 19:24:51
380,Chunoyar,57.4467,97.3217,51.49,43,79,2.01,Clouds,RU,2022-05-13 19:24:51
381,Wellington,-41.2866,174.7756,59.05,75,100,12.66,Clouds,NZ,2022-05-13 19:19:58
382,Klaksvik,62.2266,-6.589,41.92,67,99,18.54,Clouds,FO,2022-05-13 19:24:52
383,Nantucket,41.2835,-70.0995,69.94,92,100,9.22,Mist,US,2022-05-13 19:21:26
384,Banjar,-8.19,114.9675,77.4,89,100,3.94,Clouds,ID,2022-05-13 19:24:52
385,Cairns,-16.9167,145.7667,71.55,94,100,4.61,Clouds,AU,2022-05-13 19:22:11
386,Forio,40.7342,13.8646,67.42,71,0,9.93,Clear,IT,2022-05-13 19:24:52
387,Nanortalik,60.1432,-45.2371,31.77,90,100,6.13,Clouds,GL,2022-05-13 19:24:53
388,Nurota,40.5614,65.6886,64.58,58,60,5.61,Clouds,UZ,2022-05-13 19:24:53
389,Auki,-8.7676,160.7034,76.82,88,88,3.31,Clouds,SB,2022-05-13 19:24:54
390,Chebarkul,54.9749,60.3633,45.1,91,100,2.82,Clouds,RU,2022-05-13 19:24:54
391,Viedma,-40.8135,-62.9967,57.09,42,7,19.95,Clear,AR,2022-05-13 19:24:55
392,Mataram,-8.5833,116.1167,77.81,86,99,5.53,Clouds,ID,2022-05-13 19:24:55
393,Quballat,36.5418,9.6633,71.49,44,0,4.79,Clear,TN,2022-05-13 19:24:56
394,Ishigaki,24.3448,124.1572,75.33,94,75,8.05,Clouds,JP,2022-05-13 19:24:56
395,Ailigandi,9.2333,-78.0167,82.92,80,80,6.55,Clouds,PA,2022-05-13 19:24:57
396,Sao Felix Do Xingu,-6.6447,-51.995,88.97,54,91,4.21,Rain,BR,2022-05-13 19:24:58
397,Tank,32.2217,70.3793,92.08,6,0,2.53,Clear,PK,2022-05-13 19:24:58
398,Annau,37.8876,58.516,60.3,88,100,13.8,Rain,TM,2022-05-13 19:24:59
399,Brive-La-Gaillarde,45.25,1.5,67.28,78,71,0.43,Clouds,FR,2022-05-13 19:24:59
400,Umm Kaddadah,13.6017,26.6876,91.98,19,85,9.46,Clouds,SD,2022-05-13 19:25:00
401,Noumea,-22.2763,166.4572,75.0,99,100,12.26,Clouds,NC,2022-05-13 19:23:52
402,Port Hedland,-20.3167,118.5667,75.25,100,100,9.22,Clouds,AU,2022-05-13 19:21:10
403,Punakha,27.5837,89.8598,68.65,94,100,1.32,Clouds,BT,2022-05-13 19:26:00
404,Coxim,-18.5067,-54.76,93.24,30,48,7.81,Clouds,BR,2022-05-13 19:26:00
405,Airai,-8.9266,125.4092,60.3,95,86,1.28,Clouds,TL,2022-05-13 19:26:01
406,Feicheng,35.2606,117.9675,53.2,58,100,2.06,Clouds,CN,2022-05-13 19:26:01
407,Sambava,-14.2667,50.1667,74.71,78,4,14.36,Clear,MG,2022-05-13 19:26:02
408,Tartagal,-22.5164,-63.8013,71.17,64,100,4.09,Clouds,AR,2022-05-13 19:26:03
409,Pevek,69.7008,170.3133,25.75,79,81,17.96,Clouds,RU,2022-05-13 19:26:03
410,Juegang,32.3174,121.1855,57.9,78,2,7.74,Clear,CN,2022-05-13 19:26:04
411,Mahibadhoo,3.7833,72.9667,82.54,79,100,21.7,Rain,MV,2022-05-13 19:26:04
412,Khovu-Aksy,51.1333,93.6,44.37,32,10,3.96,Clear,RU,2022-05-13 19:26:05
413,Sal Rei,16.1833,-22.9167,79.0,57,0,14.97,Clear,CV,2022-05-13 19:26:05
414,Egvekinot,66.3167,-179.1667,22.48,88,6,2.77,Clear,RU,2022-05-13 19:26:06
415,Rochegda,62.8,43.25,44.62,89,100,6.17,Clouds,RU,2022-05-13 19:26:06
416,Xuanzhou,30.9525,118.7553,55.83,83,22,6.04,Clouds,CN,2022-05-13 19:26:07
417,Sri Aman,1.2376,111.4621,75.25,94,100,2.3,Clouds,MY,2022-05-13 19:26:07
418,Sur,22.5667,59.5289,90.88,35,2,11.77,Clear,OM,2022-05-13 19:24:41
419,Namatanai,-3.6667,152.4333,78.37,79,89,5.7,Clouds,PG,2022-05-13 19:26:08
420,Jaciara,-15.9653,-54.9683,90.32,35,78,5.86,Clouds,BR,2022-05-13 19:26:09
421,Sakhnovshchyna,49.1517,35.872,54.19,72,100,5.06,Clouds,UA,2022-05-13 19:26:09
422,Cabedelo,-6.9811,-34.8339,79.47,74,92,11.21,Clouds,BR,2022-05-13 19:26:10
423,El Bagre,7.5927,-74.8086,83.12,88,100,3.74,Clouds,CO,2022-05-13 19:26:10
424,Srednekolymsk,67.45,153.6833,32.86,84,77,1.9,Clouds,RU,2022-05-13 19:26:11
425,Zacualpan,21.25,-105.1667,98.22,58,17,9.24,Clouds,MX,2022-05-13 19:26:11
426,Kudahuvadhoo,2.6708,72.8944,80.76,82,100,21.81,Rain,MV,2022-05-13 19:26:12
427,Saint Anthony,45.0205,-93.218,75.25,47,0,13.8,Clear,US,2022-05-13 19:26:12
428,Piacabucu,-10.4056,-36.4344,81.91,70,9,8.63,Clear,BR,2022-05-13 19:26:13
429,Takoradi,4.8845,-1.7554,81.93,82,88,10.02,Clouds,GH,2022-05-13 19:26:03
430,San Policarpo,12.1791,125.5072,80.46,84,100,8.37,Clouds,PH,2022-05-13 19:26:13
431,Joshimath,30.5667,79.5667,63.0,61,12,5.84,Clouds,IN,2022-05-13 19:26:14
432,Aswan,24.0934,32.907,101.5,9,0,5.75,Clear,EG,2022-05-13 19:26:14
433,Sao Jose Da Coroa Grande,-8.8978,-35.1478,81.63,77,26,7.4,Clouds,BR,2022-05-13 19:26:15
434,Huarmey,-10.0681,-78.1522,70.27,73,40,9.8,Clouds,PE,2022-05-13 19:26:15
435,Ecoporanga,-18.3733,-40.8306,78.46,66,95,6.38,Clouds,BR,2022-05-13 19:26:16
436,Poronaysk,49.2167,143.1167,39.74,92,100,2.48,Clouds,RU,2022-05-13 19:26:20
437,Haines Junction,60.7522,-137.5108,49.95,32,100,6.91,Clouds,CA,2022-05-13 19:26:21
438,Ilulissat,69.2167,-51.1,24.82,68,75,10.36,Clouds,GL,2022-05-13 19:26:21
439,Atbasar,51.8,68.3333,56.79,65,99,7.43,Clouds,KZ,2022-05-13 19:26:22
440,Ostrovnoy,68.0531,39.5131,42.93,86,100,7.52,Clouds,RU,2022-05-13 19:26:22
441,Vestmanna,62.1564,-7.1664,40.12,70,75,9.22,Clouds,FO,2022-05-13 19:26:24
442,Pedana,16.2667,81.1667,84.04,82,0,7.14,Clear,IN,2022-05-13 19:26:24
443,Sarkand,45.41,79.9186,60.87,47,89,7.11,Clouds,KZ,2022-05-13 19:26:25
444,Peterborough,52.5736,-0.2478,61.99,77,82,12.39,Clouds,GB,2022-05-13 19:26:25
445,Virginia Beach,36.8529,-75.978,75.04,90,75,9.22,Thunderstorm,US,2022-05-13 19:24:40
446,Coracao De Jesus,-16.6853,-44.365,87.6,27,100,3.85,Clouds,BR,2022-05-13 19:21:58
447,Teknaf,20.8624,92.3058,80.74,87,74,8.52,Clouds,BD,2022-05-13 19:26:27
448,Muroto,33.2833,134.15,69.46,94,100,14.12,Clouds,JP,2022-05-13 19:26:27
449,Smolenka,52.1352,113.4974,35.67,80,14,0.0,Clouds,RU,2022-05-13 19:27:27
450,Havelock,34.8791,-76.9013,80.94,76,40,4.61,Clouds,US,2022-05-13 19:25:44
451,Bambanglipuro,-7.95,110.2833,80.15,86,100,3.15,Clouds,ID,2022-05-13 19:27:28
452,Burla,21.5,83.8667,88.41,43,36,6.31,Rain,IN,2022-05-13 19:27:28
453,Kununurra,-15.7667,128.7333,69.78,88,33,0.0,Clouds,AU,2022-05-13 19:27:28
454,Arrecife,28.963,-13.5477,69.78,78,20,3.44,Clouds,ES,2022-05-13 19:27:29
455,Noshiro,40.2039,140.0242,62.08,99,100,4.16,Rain,JP,2022-05-13 19:27:29
456,Huayucachi,-12.1333,-75.2333,62.92,45,89,3.65,Clouds,PE,2022-05-13 19:27:30
457,Deputatskiy,69.3,139.9,12.74,87,100,2.82,Clouds,RU,2022-05-13 19:27:30
458,Tyazhinskiy,56.116,88.524,55.04,40,0,5.44,Clear,RU,2022-05-13 19:27:30
459,Santa Maria,-29.6842,-53.8069,67.3,60,0,9.22,Clear,BR,2022-05-13 19:27:31
460,Valday,57.9747,33.2525,47.26,80,1,11.7,Clear,RU,2022-05-13 19:27:31
461,Coracora,-15.0333,-73.7833,62.06,38,45,10.67,Clouds,PE,2022-05-13 19:27:32
462,Aanekoski,62.6946,25.818,50.07,66,18,4.63,Clouds,FI,2022-05-13 19:27:32
463,Pitea,65.3172,21.4794,46.49,60,76,3.18,Clouds,SE,2022-05-13 19:27:32
464,Eyrarbakki,63.863,-21.1481,43.21,46,100,6.04,Clouds,IS,2022-05-13 19:27:33
465,Roma,43.2128,-75.4557,84.38,46,75,10.36,Clouds,US,2022-05-13 19:27:33
466,Russell,32.3502,-85.1999,79.97,69,40,0.0,Clouds,US,2022-05-13 19:27:33
467,Tuatapere,-46.1333,167.6833,52.12,96,100,6.73,Clouds,NZ,2022-05-13 19:27:34
468,Luyang,27.6239,110.0989,62.13,91,100,3.47,Clouds,CN,2022-05-13 19:27:34
469,Kurilsk,45.2333,147.8833,46.36,97,100,12.19,Clouds,RU,2022-05-13 19:27:35
470,Marsa Matruh,31.3525,27.2453,66.4,82,0,9.22,Clear,EG,2022-05-13 19:27:35
471,Portland,45.5234,-122.6762,58.55,57,100,5.75,Clouds,US,2022-05-13 19:23:06
472,Padang,-0.9492,100.3543,77.14,83,92,3.98,Clouds,ID,2022-05-13 19:27:36
473,Richards Bay,-28.783,32.0377,67.21,88,33,4.09,Clouds,ZA,2022-05-13 19:27:36
474,Pirovskoye,57.6267,92.2658,51.6,44,9,4.52,Clear,RU,2022-05-13 19:27:36
475,San Patricio,28.017,-97.5169,92.16,42,4,16.22,Clear,US,2022-05-13 19:27:37
476,Prabumulih,-3.45,104.25,73.89,94,61,2.21,Clouds,ID,2022-05-13 19:27:37
477,Neepawa,50.2289,-99.4664,55.8,89,100,21.32,Clouds,CA,2022-05-13 19:27:37
478,Nove Zamky,47.9854,18.1619,66.22,86,36,8.21,Clouds,SK,2022-05-13 19:25:08
479,Puerto Del Rosario,28.5004,-13.8627,69.55,78,0,4.61,Clear,ES,2022-05-13 19:27:38
480,Nuuk,64.1835,-51.7216,30.81,69,75,2.3,Snow,GL,2022-05-13 19:25:37
481,Kjollefjord,70.9457,27.3465,35.65,81,100,17.98,Clouds,NO,2022-05-13 19:27:38
482,Battle Creek,42.3212,-85.1797,84.67,37,0,10.07,Clear,US,2022-05-13 19:24:49
483,Payakumbuh,-0.2202,100.6308,71.2,92,85,2.33,Clouds,ID,2022-05-13 19:27:38
484,Christchurch,-43.5333,172.6333,49.95,90,75,4.61,Clouds,NZ,2022-05-13 19:26:35
485,Varzob,38.7737,68.8178,65.93,73,54,3.47,Clouds,TJ,2022-05-13 19:27:39
486,Port-Cartier,50.0334,-66.8654,46.74,98,100,6.6,Clouds,CA,2022-05-13 19:27:39
487,Balakirevo,56.5059,38.8432,47.53,83,12,12.35,Clouds,RU,2022-05-13 19:27:39
488,Ambon,-3.6954,128.1814,78.94,94,40,2.3,Clouds,ID,2022-05-13 19:27:40
489,Lowestoft,52.4752,1.7516,64.65,59,79,12.93,Clouds,GB,2022-05-13 19:27:40
490,Tagusao,9.1924,117.8141,79.92,82,100,3.71,Clouds,PH,2022-05-13 19:27:41
491,Gambela,8.25,34.5833,80.33,62,59,3.27,Clouds,ET,2022-05-13 19:27:41
492,Hofn,64.2539,-15.2082,42.04,47,82,3.8,Clouds,IS,2022-05-13 19:27:41
493,Mirnyy,62.5353,113.9611,30.24,63,100,4.0,Clouds,RU,2022-05-13 19:27:42
494,Araouane,18.9048,-3.5265,94.08,8,60,12.64,Clouds,ML,2022-05-13 19:28:42
495,Anan,33.9167,134.65,65.98,94,100,8.05,Clouds,JP,2022-05-13 19:28:42
496,Lucapa,-8.4192,20.7447,73.62,58,74,2.13,Clouds,AO,2022-05-13 19:28:43
497,Lompoc,34.6391,-120.4579,91.54,18,0,10.36,Clear,US,2022-05-13 19:27:37
498,Khorixas,-20.3667,14.9667,69.19,26,0,5.17,Clear,NA,2022-05-13 19:28:44
499,Tsogni,-2.7942,10.0988,77.14,93,100,4.94,Clouds,GA,2022-05-13 19:28:44
500,Nara,34.6851,135.8049,67.5,98,100,0.78,Rain,JP,2022-05-13 19:24:14
501,Amapa,1.0,-52.0,79.07,95,68,3.29,Clouds,BR,2022-05-13 19:28:44
502,Fairlie,55.756,-4.8556,54.23,85,100,5.99,Clouds,GB,2022-05-13 19:28:45
503,Brooks,50.5834,-111.8851,53.58,50,100,10.36,Clouds,CA,2022-05-13 19:25:14
504,Octeville,49.6261,-1.6435,54.09,71,0,6.91,Clear,FR,2022-05-13 19:28:45
505,Semey,50.4111,80.2275,62.42,56,58,5.75,Clouds,KZ,2022-05-13 19:28:45
506,Clyde River,70.4692,-68.5914,25.03,80,20,24.16,Clouds,CA,2022-05-13 19:28:46
507,Voyvozh,62.892,54.9635,48.78,80,92,4.97,Clouds,RU,2022-05-13 19:28:46
508,Mahanoro,-19.9,48.8,70.32,84,87,3.33,Clouds,MG,2022-05-13 19:28:46
509,Monrovia,6.3005,-10.7969,81.64,80,43,9.53,Clouds,LR,2022-05-13 19:25:42
510,La Fria,8.2203,-72.2439,93.31,50,99,7.9,Clouds,VE,2022-05-13 19:28:47
511,Rio Claro,-22.4114,-47.5614,76.87,48,0,2.28,Clear,BR,2022-05-13 19:28:47
512,Teya,60.3778,92.6267,39.87,94,11,2.66,Clouds,RU,2022-05-13 19:28:48
513,Lafia,8.4833,8.5167,89.08,50,3,7.61,Clear,NG,2022-05-13 19:28:48
514,Nakusp,50.2499,-117.8023,46.74,71,99,2.3,Clouds,CA,2022-05-13 19:28:48
515,Zhuhai,22.2769,113.5678,76.78,100,40,9.22,Rain,CN,2022-05-13 19:28:49
516,Wagar,16.1525,36.2032,96.71,14,0,14.34,Clear,SD,2022-05-13 19:28:49
517,Port-Gentil,-0.7193,8.7815,82.36,83,40,9.22,Thunderstorm,GA,2022-05-13 19:28:49
518,Port Blair,11.6667,92.75,82.44,89,75,3.44,Mist,IN,2022-05-13 19:28:50
519,San Ramon De La Nueva Oran,-23.1322,-64.326,75.78,49,68,5.46,Clouds,AR,2022-05-13 19:28:50
520,Yomou,7.5603,-9.2653,74.37,79,100,9.84,Rain,GN,2022-05-13 19:28:50
521,Usinsk,65.9939,57.5281,49.1,76,70,9.4,Clouds,RU,2022-05-13 19:28:51
522,Tura,25.5198,90.2201,71.26,97,16,5.46,Clouds,IN,2022-05-13 19:28:51
523,Carauari,-4.8828,-66.8958,84.25,77,49,2.95,Clouds,BR,2022-05-13 19:28:51
524,Praia Da Vitoria,38.7333,-27.0667,62.76,94,75,9.64,Rain,PT,2022-05-13 19:24:15
525,Ayagoz,47.9714,80.4392,55.83,69,37,8.66,Clouds,KZ,2022-05-13 19:28:52
526,Wilmington,34.2257,-77.9447,76.95,88,100,5.75,Rain,US,2022-05-13 19:27:23
527,Ravar,31.2656,56.8055,71.38,24,0,11.05,Clear,IR,2022-05-13 19:28:52
528,Huescar,37.811,-2.5412,69.12,52,99,2.26,Clouds,ES,2022-05-13 19:25:23
529,Bialystok,53.1333,23.15,52.97,64,100,5.06,Clouds,PL,2022-05-13 19:27:10
530,Nisia Floresta,-6.0911,-35.2086,79.18,83,95,8.86,Clouds,BR,2022-05-13 19:28:52
531,Manicore,-5.8092,-61.3003,82.35,83,100,4.61,Rain,BR,2022-05-13 19:28:53
532,Sari,36.5633,53.0601,58.5,92,100,6.33,Clouds,IR,2022-05-13 19:28:53
533,Pahrump,36.2083,-115.9839,81.45,9,0,8.01,Clear,US,2022-05-13 19:28:53
534,Benghazi,32.1167,20.0667,65.79,72,0,12.28,Clear,LY,2022-05-13 19:28:54
535,Snyder,32.7179,-100.9176,98.1,6,0,3.44,Clear,US,2022-05-13 19:28:54
536,Rocha,-34.4833,-54.3333,63.41,56,100,4.81,Clouds,UY,2022-05-13 19:28:54
537,Ende,-8.8432,121.6623,77.54,89,96,2.06,Clouds,ID,2022-05-13 19:28:55
538,Morant Bay,17.8815,-76.4093,82.71,76,100,12.53,Clouds,JM,2022-05-13 19:28:55
539,Acajutla,13.5928,-89.8275,89.47,49,100,11.34,Clouds,SV,2022-05-13 19:28:55
540,San Cristobal,7.7669,-72.225,84.38,49,69,9.26,Clouds,VE,2022-05-13 19:27:10
541,Inuvik,68.3499,-133.7218,39.96,75,75,11.5,Clouds,CA,2022-05-13 19:26:17
542,Thunder Bay,48.4001,-89.3168,60.78,77,40,10.36,Clouds,CA,2022-05-13 19:29:56
543,San Felipe,10.3399,-68.7425,91.2,43,79,7.07,Clouds,VE,2022-05-13 19:29:56
544,Batemans Bay,-35.7167,150.1833,62.1,94,32,3.51,Clouds,AU,2022-05-13 19:29:57
545,Urengoy,65.9667,78.3667,39.18,99,100,0.96,Clouds,RU,2022-05-13 19:29:57
546,Rawson,-43.3002,-65.1023,56.12,44,30,25.66,Clouds,AR,2022-05-13 19:29:57
547,Ust-Kulom,61.6864,53.6902,50.47,79,97,3.4,Clouds,RU,2022-05-13 19:29:58
548,Sisimiut,66.9395,-53.6735,25.74,74,100,10.47,Clouds,GL,2022-05-13 19:29:58
549,Jaque,7.5175,-78.1703,80.85,84,100,3.44,Rain,PA,2022-05-13 19:29:58
550,Olafsvik,64.8945,-23.7142,35.58,64,83,17.98,Clouds,IS,2022-05-13 19:25:56
551,Galesong,-5.3166,119.3661,75.22,85,92,4.9,Clouds,ID,2022-05-13 19:29:59
552,Sterling,39.0062,-77.4286,73.85,86,100,9.22,Clouds,US,2022-05-13 19:26:37
553,Vanavara,60.34,102.2797,46.8,81,100,1.45,Clouds,RU,2022-05-13 19:29:59
554,Taoudenni,22.6783,-3.9836,94.62,8,55,13.35,Clouds,ML,2022-05-13 19:29:59
555,Pochutla,15.7432,-96.4661,93.81,42,23,9.95,Clouds,MX,2022-05-13 19:30:00
556,Rovaniemi,66.5,25.7167,47.61,71,0,2.3,Clear,FI,2022-05-13 19:29:54
557,Contai,21.7786,87.7536,84.11,81,99,21.88,Clouds,IN,2022-05-13 19:30:00
558,Petropavlovsk-Kamchatskiy,53.0452,158.6483,39.79,100,100,6.71,Rain,RU,2022-05-13 19:30:01
559,Beloha,-25.1667,45.05,65.64,85,0,9.98,Clear,MG,2022-05-13 19:30:01
560,Paluan,13.416,120.4623,82.4,77,28,4.21,Clouds,PH,2022-05-13 19:30:02
561,Araioses,-2.89,-41.9031,78.78,94,75,10.36,Clouds,BR,2022-05-13 19:30:02
562,Kletskaya,49.3145,43.0584,56.23,72,52,7.61,Clouds,RU,2022-05-13 19:30:02
563,Sarangani,5.4033,125.4636,81.68,76,99,2.19,Clouds,PH,2022-05-13 19:30:03
564,Moree,-29.4667,149.85,64.67,86,78,10.09,Clouds,AU,2022-05-13 19:30:03
565,Darhan,49.4867,105.9228,45.82,43,58,1.79,Clouds,MN,2022-05-13 19:30:04
566,Sibu,2.3,111.8167,73.71,100,40,6.91,Rain,MY,2022-05-13 19:30:04
567,Concordia,-31.393,-58.0209,66.27,68,0,5.99,Clear,AR,2022-05-13 19:26:11
568,Brae,60.3964,-1.353,45.81,75,7,18.05,Clear,GB,2022-05-13 19:30:05
569,Labuhan,-6.8844,112.2051,79.0,88,100,7.54,Rain,ID,2022-05-13 19:30:05
570,Vila Velha,-20.3297,-40.2925,78.75,73,40,12.66,Clouds,BR,2022-05-13 19:30:06
571,Nioro,13.35,-15.75,87.6,40,97,11.88,Clouds,GM,2022-05-13 19:30:06
572,Natal,-5.795,-35.2094,79.02,94,75,4.61,Clouds,BR,2022-05-13 19:27:24
573,Marzuq,14.4,46.4667,75.81,19,2,2.39,Clear,YE,2022-05-13 19:30:07
574,Drolshagen,51.0167,7.7667,60.22,86,49,3.78,Clouds,DE,2022-05-13 19:30:07
575,Cockburn Town,21.4612,-71.1419,79.07,84,100,22.91,Clouds,TC,2022-05-13 19:28:42
576,Murdochville,48.9583,-65.5006,43.68,96,100,3.13,Rain,CA,2022-05-13 19:30:08
577,Puerto Escondido,15.85,-97.0667,90.43,62,0,9.22,Clear,MX,2022-05-13 19:30:08
578,Parry Sound,45.3501,-80.033,80.65,36,11,6.87,Clouds,CA,2022-05-13 19:30:03
579,Savannah Bight,16.45,-85.85,80.74,63,4,5.61,Clear,HN,2022-05-13 19:30:09
580,Bakaly,55.1789,53.8028,45.39,96,100,5.41,Rain,RU,2022-05-13 19:30:10
581,Sitio Novo Do Tocantins,-5.5183,-47.4611,85.93,66,40,5.75,Clouds,BR,2022-05-13 19:30:10
582,Indianola,41.3581,-93.5574,77.97,42,100,6.08,Clouds,US,2022-05-13 19:30:11
583,Havre-Saint-Pierre,50.2334,-63.5986,43.16,81,100,14.97,Clouds,CA,2022-05-13 19:30:11
584,Nazas,25.2333,-104.1333,96.75,13,4,3.38,Clear,MX,2022-05-13 19:30:11
585,Dubovyy Umet,52.9763,50.2857,46.81,84,100,5.93,Clouds,RU,2022-05-13 19:30:12
586,Okato,-39.2,173.8833,58.17,72,100,10.36,Clouds,NZ,2022-05-13 19:30:12
587,Yuanping,38.7153,112.7575,48.87,37,100,2.21,Clouds,CN,2022-05-13 19:30:12
588,Nouadhibou,20.931,-17.0347,87.78,23,99,16.11,Clouds,MR,2022-05-13 19:30:13
589,Mwene-Ditu,-7.0,23.45,71.8,60,94,4.07,Clouds,CD,2022-05-13 19:30:13
590,Tahta,26.7693,31.5021,92.68,14,0,4.03,Clear,EG,2022-05-13 19:31:13
591,Doha,25.2867,51.5333,85.98,24,0,18.41,Clear,QA,2022-05-13 19:29:52
592,Yarim,14.298,44.3779,62.55,21,36,12.84,Clouds,YE,2022-05-13 19:31:14
593,Machilipatnam,16.1667,81.1333,83.75,83,3,5.97,Clear,IN,2022-05-13 19:31:14
594,Mokrousovo,55.8103,66.7653,50.65,78,100,11.77,Clouds,RU,2022-05-13 19:31:15
595,Menongue,-14.6585,17.691,62.55,56,35,3.51,Clouds,AO,2022-05-13 19:31:15
596,Bergerac,44.8333,0.5,73.62,60,0,2.3,Clear,FR,2022-05-13 19:31:16
597,Derzhavinsk,51.1,66.3167,55.33,63,25,9.33,Clouds,KZ,2022-05-13 19:31:16
598,Cam Ranh,11.9214,109.1591,80.56,89,40,3.44,Clouds,VN,2022-05-13 19:31:16
599,Seymchan,62.8833,152.4333,37.27,85,91,4.0,Clouds,RU,2022-05-13 19:31:17
600,Qunduz,36.729,68.857,72.63,39,74,6.69,Clouds,AF,2022-05-13 19:31:17
601,Westport,41.1415,-73.3579,81.3,85,100,12.66,Clouds,US,2022-05-13 19:29:28
602,Tocopilla,-22.092,-70.1979,67.93,63,19,8.75,Clouds,CL,2022-05-13 19:31:18
603,Iqaluit,63.7506,-68.5145,24.53,73,20,14.97,Clouds,CA,2022-05-13 19:31:18
604,Xiaoweizhai,26.1903,107.5125,59.97,98,100,2.17,Clouds,CN,2022-05-13 19:31:18
605,Elizabeth City,36.2946,-76.2511,78.06,82,0,10.36,Clear,US,2022-05-13 19:30:29
606,Sturgeon Bay,44.8342,-87.377,82.36,53,0,20.71,Clear,US,2022-05-13 19:29:41
607,Paka,4.6374,103.4368,80.53,94,98,0.0,Clouds,MY,2022-05-13 19:31:19
608,Parrita,9.5201,-84.3225,84.51,73,43,6.67,Clouds,CR,2022-05-13 19:31:19
609,Tchibanga,-2.85,11.0333,73.9,97,100,1.1,Clouds,GA,2022-05-13 19:31:19
610,Rozvadiv,49.5,23.6167,54.79,93,8,7.81,Clear,UA,2022-05-13 19:31:20
611,Otradnoye,59.7775,30.8181,51.85,72,65,10.33,Clouds,RU,2022-05-13 19:31:20
612,Hamilton,39.1834,-84.5333,85.71,47,20,8.05,Clouds,US,2022-05-13 19:31:20
613,Malakal,9.5334,31.6605,88.27,46,91,5.59,Rain,SS,2022-05-13 19:30:09
614,Salme,28.0369,85.0942,66.49,64,94,7.09,Clouds,NP,2022-05-13 19:31:21
615,Surgut,61.25,73.4167,51.98,81,0,7.0,Clear,RU,2022-05-13 19:28:20
616,Jacareacanga,-6.2222,-57.7528,82.85,76,100,3.71,Rain,BR,2022-05-13 19:27:55
617,Evensk,61.95,159.2333,33.48,90,99,2.53,Clouds,RU,2022-05-13 19:31:21
618,Sussex,41.1834,-74.6663,79.11,60,75,11.5,Clouds,US,2022-05-13 19:31:21
619,Timmins,48.4669,-81.3331,82.22,44,75,10.36,Clouds,CA,2022-05-13 19:28:01
620,Challapata,-18.9,-66.7667,55.78,18,1,11.48,Clear,BO,2022-05-13 19:31:22
621,Bandarbeyla,9.4942,50.8122,82.44,86,98,19.69,Clouds,SO,2022-05-13 19:31:22
622,Omboue,-1.5746,9.2618,78.6,91,92,6.53,Clouds,GA,2022-05-13 19:31:23
623,Turukhansk,65.8167,87.9833,42.01,77,86,6.49,Clouds,RU,2022-05-13 19:31:23
624,Gediz,39.0417,29.41,57.4,77,96,0.87,Clouds,TR,2022-05-13 19:31:23
625,Moron,-34.6534,-58.6198,68.02,61,100,3.24,Clouds,AR,2022-05-13 19:31:24
626,Alihe,50.5667,123.7167,32.81,95,91,3.06,Clouds,CN,2022-05-13 19:31:24
627,Bontang,0.1333,117.5,77.47,92,100,6.15,Clouds,ID,2022-05-13 19:31:24
628,Borogontsy,62.6683,131.1683,32.36,97,100,6.15,Snow,RU,2022-05-13 19:31:25
629,Mana,5.6592,-53.7767,81.16,77,28,10.67,Clouds,GF,2022-05-13 19:31:25
630,Daru,-9.0763,143.2092,79.09,83,29,6.08,Clouds,PG,2022-05-13 19:31:25
631,Kattivakkam,13.2167,80.3167,86.09,84,100,15.41,Clouds,IN,2022-05-13 19:31:26
632,Phalaborwa,-23.943,31.1411,74.48,50,32,4.5,Clouds,ZA,2022-05-13 19:31:26
633,Vardo,70.3705,31.1107,35.58,80,0,12.66,Clear,NO,2022-05-13 19:27:05
634,Lasa,46.6166,10.7002,67.08,95,99,5.39,Clouds,IT,2022-05-13 19:31:26
635,Kalmunai,7.4167,81.8167,80.67,77,100,8.01,Clouds,LK,2022-05-13 19:31:27
636,Ayan,56.45,138.1667,27.77,94,56,5.61,Clouds,RU,2022-05-13 19:31:27
637,Togul,53.465,85.9128,55.31,50,0,2.19,Clear,RU,2022-05-13 19:31:27
638,Navirai,-23.065,-54.1906,72.21,74,0,4.61,Clear,BR,2022-05-13 19:31:28
639,Columbus,39.9612,-82.9988,84.34,50,75,8.05,Clouds,US,2022-05-13 19:32:25
640,Yushu,44.8,126.5333,42.33,90,100,4.56,Clouds,CN,2022-05-13 19:32:32
641,Non Sang,16.8687,102.5664,79.75,77,73,2.62,Clouds,TH,2022-05-13 19:32:33
642,Pemangkat,1.1667,108.9667,78.78,80,100,3.62,Clouds,ID,2022-05-13 19:32:33
643,Vorobyevka,50.6451,40.9245,49.55,83,2,7.78,Clear,RU,2022-05-13 19:32:33
644,Gopalpur,19.2667,84.9167,82.98,84,30,18.59,Clouds,IN,2022-05-13 19:32:34
645,Manggar,-2.8833,108.2667,80.2,78,100,1.97,Clouds,ID,2022-05-13 19:32:34
646,Carora,10.1755,-70.0827,96.3,31,42,15.39,Clouds,VE,2022-05-13 19:32:34
647,Velsk,61.0701,42.0983,43.47,95,100,6.82,Rain,RU,2022-05-13 19:32:35
648,Saquarema,-22.92,-42.5103,77.04,73,47,4.97,Clouds,BR,2022-05-13 19:32:35
649,Khanpur,28.6453,70.6567,95.67,4,0,7.63,Clear,PK,2022-05-13 19:32:36
650,Baculin,7.4525,126.5842,77.92,88,100,3.49,Clouds,PH,2022-05-13 19:32:36
651,College,64.8569,-147.8028,43.2,83,75,6.91,Clouds,US,2022-05-13 19:29:59
652,Panama City,8.9936,-79.5197,91.17,68,40,10.36,Clouds,PA,2022-05-13 19:27:37
653,Ust-Kut,56.7938,105.7672,44.76,59,100,1.05,Clouds,RU,2022-05-13 19:32:37
654,Kallithea,37.95,23.7,70.68,44,20,4.0,Clouds,GR,2022-05-13 19:32:37
655,Maragogi,-9.0122,-35.2225,79.39,81,13,6.13,Clouds,BR,2022-05-13 19:32:38
656,Vostok,46.4856,135.8833,40.71,89,100,1.92,Clouds,RU,2022-05-13 19:32:38
657,Lofthus,59.9468,10.8018,51.96,46,100,9.82,Clouds,NO,2022-05-13 19:32:38
658,Rio Negrinho,-26.2544,-49.5183,60.94,78,0,3.24,Clear,BR,2022-05-13 19:32:39
659,Antofagasta,-23.65,-70.4,61.88,70,7,7.23,Clear,CL,2022-05-13 19:32:39
660,Outram,1.2829,103.8379,84.22,87,75,5.75,Clouds,MY,2022-05-13 19:32:43
661,Saint-Denis,48.9167,2.3333,67.1,49,0,5.75,Clear,FR,2022-05-13 19:32:44
662,Marabba,12.35,32.1833,98.1,27,56,10.31,Clouds,SD,2022-05-13 19:32:45
663,Celestun,20.8667,-90.4,82.76,54,0,12.64,Clear,MX,2022-05-13 19:32:45
664,Hirara,24.8,125.2833,77.13,82,100,14.83,Rain,JP,2022-05-13 19:28:24
665,Metu,8.3,35.5833,60.76,89,94,2.62,Clouds,ET,2022-05-13 19:32:46
666,Henties Bay,-22.116,14.2845,57.42,82,0,8.57,Clear,NA,2022-05-13 19:32:46
667,Wajima,37.4,136.9,60.75,99,100,12.03,Clouds,JP,2022-05-13 19:32:47
668,Jumla,29.2747,82.1838,57.04,79,58,3.42,Clouds,NP,2022-05-13 19:32:47
669,Qaqortoq,60.7167,-46.0333,32.13,74,69,6.71,Clouds,GL,2022-05-13 19:32:47
670,The Pas,53.8251,-101.2541,39.22,93,100,13.8,Mist,CA,2022-05-13 19:32:48
671,Leeton,-34.5667,146.4,59.9,100,100,0.0,Fog,AU,2022-05-13 19:28:59
672,Dourbali,11.8091,15.8632,95.49,31,82,10.04,Rain,TD,2022-05-13 19:32:48
673,Lensk,60.7253,114.9278,35.22,95,100,3.62,Clouds,RU,2022-05-13 19:32:48
674,Skjervoy,70.0311,20.9714,39.2,80,81,4.25,Clouds,NO,2022-05-13 19:32:49
675,Carutapera,-1.195,-46.02,80.42,86,41,7.92,Clouds,BR,2022-05-13 19:32:49
676,Crestview,30.7621,-86.5705,89.31,39,0,0.0,Clear,US,2022-05-13 19:31:21
677,Bohuslav,49.5494,30.8744,54.97,83,93,4.65,Clouds,UA,2022-05-13 19:32:49
678,Mitha Tiwana,32.2486,72.1108,91.58,8,0,3.22,Clear,PK,2022-05-13 19:32:50
679,Zamora,-4.0692,-78.9567,68.92,99,100,0.4,Rain,EC,2022-05-13 19:32:50
680,Devils Lake,48.1128,-98.8651,51.94,68,100,40.29,Clouds,US,2022-05-13 19:32:50
681,Marang,5.2056,103.2059,80.51,85,99,2.66,Clouds,MY,2022-05-13 19:32:51
682,Yangjiang,21.85,111.9667,72.32,93,63,6.91,Clouds,CN,2022-05-13 19:32:51
683,Uruzgan,32.8333,66.0,69.78,14,0,2.15,Clear,AF,2022-05-13 19:33:52
684,Beira,-19.8436,34.8389,71.69,94,20,2.3,Clouds,MZ,2022-05-13 19:33:52
685,Lorengau,-2.0226,147.2712,81.12,72,39,7.56,Clouds,PG,2022-05-13 19:33:54
686,Balakhninskiy,58.0106,114.2769,38.79,99,100,2.57,Clouds,RU,2022-05-13 19:33:54
687,Sao Domingos,-13.3983,-46.3183,82.67,33,100,3.87,Clouds,BR,2022-05-13 19:33:55
688,Ballina,-28.8667,153.5667,68.77,85,99,13.33,Rain,AU,2022-05-13 19:33:55
689,Kamaishi,39.2667,141.8833,59.38,99,100,4.34,Rain,JP,2022-05-13 19:33:55
690,Mehtar Lam,34.6714,70.2094,82.67,12,32,6.08,Clouds,AF,2022-05-13 19:33:56
691,Kargasok,59.0556,80.8572,55.76,42,21,8.1,Clouds,RU,2022-05-13 19:33:56
692,Xixiang,35.1628,112.865,61.07,36,100,3.53,Rain,CN,2022-05-13 19:33:57
693,Chara,56.9064,118.2631,36.88,79,91,4.43,Clouds,RU,2022-05-13 19:33:57
694,Rabo De Peixe,37.8,-25.5833,62.11,88,40,10.36,Rain,PT,2022-05-13 19:33:57
695,Kungurtug,50.5994,97.5228,35.35,48,1,1.36,Clear,RU,2022-05-13 19:33:58
696,Escanaba,45.7453,-87.0646,68.97,55,0,12.66,Clear,US,2022-05-13 19:33:58
697,Pangnirtung,66.1451,-65.7125,21.2,73,75,10.36,Clouds,CA,2022-05-13 19:33:58
698,Fukagawa,43.7081,142.0392,56.55,95,100,3.51,Clouds,JP,2022-05-13 19:33:59
699,Yurimaguas,-5.9,-76.0833,89.76,58,40,3.44,Clouds,PE,2022-05-13 19:33:59
700,San Luis,-33.295,-66.3356,59.02,70,99,10.16,Clouds,AR,2022-05-13 19:31:34
701,Trofors,65.5333,13.4063,42.67,99,100,3.36,Clouds,NO,2022-05-13 19:33:59
702,Chitral,35.8462,71.7858,69.67,25,52,3.38,Clouds,PK,2022-05-13 19:34:00
703,Oum Hadjer,13.2954,19.6966,92.66,27,100,7.87,Clouds,TD,2022-05-13 19:34:00
704,Korla,41.7597,86.1469,68.09,22,100,8.12,Clouds,CN,2022-05-13 19:34:00
705,Develi,38.3906,35.4922,51.15,49,0,4.61,Clear,TR,2022-05-13 19:34:01
706,Goya,-29.14,-59.2626,68.41,64,100,5.44,Clouds,AR,2022-05-13 19:34:01
707,Voloshka,61.3314,40.0858,41.54,97,100,1.95,Clouds,RU,2022-05-13 19:34:01
708,Yilan,24.757,121.753,77.36,99,100,4.03,Rain,TW,2022-05-13 19:34:02
709,Manokwari,-0.8667,134.0833,79.92,76,92,4.7,Clouds,ID,2022-05-13 19:34:02
